2026-05-29 00:05:37 === search_sort1 called ===
2026-05-29 00:05:37 request: {}
2026-05-29 00:05:37 SESSION user_id=66 main_company=35
2026-05-29 00:05:37 skey= mainhost=
2026-05-29 00:05:37 skey or mainhost EMPTY -> returning end
2026-05-29 12:01:33 === search_sort1 called ===
2026-05-29 12:01:33 request: {}
2026-05-29 12:01:33 SESSION user_id=66 main_company=231
2026-05-29 12:01:33 skey= mainhost=
2026-05-29 12:01:33 skey or mainhost EMPTY -> returning end
2026-07-30 22:38:38 === search_sort1 called ===
2026-07-30 22:38:38 request: {}
2026-07-30 22:38:38 SESSION user_id=66 main_company=231
2026-07-30 22:38:39 skey= mainhost=
2026-07-30 22:38:39 skey or mainhost EMPTY -> returning end
2026-07-30 22:39:04 === search_sort1 called ===
2026-07-30 22:39:04 request: {}
2026-07-30 22:39:04 SESSION user_id=66 main_company=231
2026-07-30 22:39:04 skey= mainhost=
2026-07-30 22:39:04 skey or mainhost EMPTY -> returning end
2026-07-30 22:43:11 === search_sort1 called ===
2026-07-30 22:43:11 request: {}
2026-07-30 22:43:11 SESSION user_id=66 main_company=231
2026-07-30 22:43:11 skey= mainhost=
2026-07-30 22:43:11 skey or mainhost EMPTY -> returning end
2026-07-30 22:45:06 === search_sort1 called ===
2026-07-30 22:45:06 request: {}
2026-07-30 22:45:06 SESSION user_id=66 main_company=35
2026-07-30 22:45:06 skey=215d209ad5b1e1fec80bf682e189cfbc mainhost=192.168.39.13
2026-07-30 22:45:06 new_search=1 config_values count=30
2026-07-30 22:45:06 newsearch response: 
2026-07-30 22:45:06 res_str: 
2026-07-30 22:45:06 RETURN: {"status":"ok","items":"","plugins_started":[{"plugin_id":"1","name":"moskvorechie.ru","icon":"\/images\/icons\/moskvorechie_ru.ico"},{"plugin_id":"3","name":"mikado-parts.ru","icon":"\/images\/icons\/mikado_parts_ru.ico"},{"plugin_id":"5","name":"adeo.pro","icon":"\/images\/icons\/adeo-pro_ru.ico"},{"plugin_id":"20","name":"forum-auto.ru","icon":"\/images\/icons\/forum-auto_ru.ico"},{"plugin_id":"48","name":"www.part-kom.ru","icon":"\/images\/icons\/part-kom_ru.ico"},{"plugin_id":"49","name":"avdmotors.ru","icon":"\/images\/icons\/avdmotors_ru.ico"},{"plugin_id":"54","name":"berg-api","icon":"\/images\/icons\/berg_ru.ico"},{"plugin_id":"124","name":"v-avto.ru","icon":"\/images\/icons\/v_avto_ru.ico"},{"plugin_id":"133","name":"allautoparts.ru","icon":"\/images\/icons\/new_allautoparts_ru.ico"},{"plugin_id":"214","name":"www.tatparts.ru","icon":"\/images\/icons\/tatparts_ru.ico"},{"plugin_id":"217","name":"stparts.ru","icon":"\/images\/icons\/stparts_ru.ico"},{"plugin_id":"220","name":"froza.ru","icon":"\/images\/icons\/forza_ru.ico"},{"plugin_id":"295","name":"motexc.ru","icon":"\/images\/icons\/motexc_ru.ico"},{"plugin_id":"297","name":"api.autokontinent.ru","icon":"\/images\/icons\/autokontinent_ru.ico"},{"plugin_id":"300","name":"autopiter.ru","icon":"\/images\/icons\/new_autopiter.png"},{"plugin_id":"318","name":"mikado-parts.ru API","icon":"\/images\/icons\/mikado_parts_ru.ico"},{"plugin_id":"328","name":"b2b.ixora-auto.ru","icon":"\/images\/icons\/ixora-auto_ru.ico"},{"plugin_id":"365","name":"trinity-parts.ru","icon":"\/images\/icons\/trinity-parts_ru.ico"},{"plugin_id":"392","name":"rossko.api","icon":"\/images\/icons\/rossko_ru.ico"},{"plugin_id":"402","name":"tsk-market.kz","icon":"\/images\/icons\/tsk-market_kz.ico"},{"plugin_id":"428","name":"tstarter.ru","icon":"\/images\/icons\/tstarter_ru.ico"},{"plugin_id":"442","name":"sklad.autotrade.api","icon":"\/images\/icons\/autotrade_su.ico"},{"plugin_id":"466","name":"auto-sputnik.api","icon":"\/images\/icons\/autosputnik_ru.ico"},{"plugin_id":"470","name":"vivatauto.com","icon":"\/images\/icons\/vivatauto_com.ico"},{"plugin_id":"474","name":"optautotorg.com","icon":"\/images\/icons\/optautotorg_com.ico"},{"plugin_id":"493","name":"vin-parts.ru","icon":"\/images\/icons\/vin-parts_ru.ico"},{"plugin_id":"494","name":"comtt.API","icon":"\/images\/icons\/komtt.ico"},{"plugin_id":"496","name":"optiparts.ru","icon":"\/images\/icons\/optiparts_ru.png"},{"plugin_id":"498","name":"avto-dinamika.ru","icon":"\/images\/icons\/avto-dinamika_ru.ico"},{"plugin_id":"500","name":"genesis-ug.ru","icon":"\/images\/icons\/genesis-ug_ru.ico"}],"authorized":"OK","search_str":"OC90","res_res":null,"msg":"","reqid":"8deee7327e4860"}
2026-07-30 22:45:43 === search_sort1 called ===
2026-07-30 22:45:43 request: {}
2026-07-30 22:45:43 SESSION user_id=66 main_company=231
2026-07-30 22:45:43 skey=d2caf3cd34ea5a93348150d9d3a30b71 mainhost=192.168.39.13
2026-07-30 22:45:43 new_search=1 config_values count=4
2026-07-30 22:45:44 newsearch response: 
2026-07-30 22:45:44 res_str: 
2026-07-30 22:45:44 RETURN: {"status":"ok","items":"","plugins_started":[{"plugin_id":"3","name":"mikado-parts.ru","icon":"\/images\/icons\/mikado_parts_ru.ico"},{"plugin_id":"5","name":"adeo.pro","icon":"\/images\/icons\/adeo-pro_ru.ico"},{"plugin_id":"7","name":"autoeuro.ru","icon":"\/images\/icons\/autoeuro_ru.ico"},{"plugin_id":"14","name":"abstd.ru","icon":"\/images\/icons\/abs-auto_ru.ico"}],"authorized":"OK","search_str":"OC90","res_res":null,"msg":"","reqid":"8deee7340f9de6"}
2026-07-30 22:45:47 === search_sort1 called ===
2026-07-30 22:45:47 request: {}
2026-07-30 22:45:47 SESSION user_id=66 main_company=231
2026-07-30 22:45:47 skey=d2caf3cd34ea5a93348150d9d3a30b71 mainhost=192.168.39.13
2026-07-30 22:45:47 get_results response: 
2026-07-30 22:45:47 get_results res_str: 
2026-07-30 22:45:47 RETURN: {"status":"ok","items":"","authorized":"OK","search_str":"OC90","res_res":null,"msg":"","reqid":"8deee7340f9de6"}
2026-07-30 22:45:50 === search_sort1 called ===
2026-07-30 22:45:50 request: {}
2026-07-30 22:45:50 SESSION user_id=66 main_company=231
2026-07-30 22:45:50 skey=d2caf3cd34ea5a93348150d9d3a30b71 mainhost=192.168.39.13
2026-07-30 22:45:50 get_results response: 
2026-07-30 22:45:50 get_results res_str: 
2026-07-30 22:45:50 RETURN: {"status":"ok","items":"","authorized":"OK","search_str":"OC90","res_res":null,"msg":"","reqid":"8deee7340f9de6"}
2026-07-30 22:45:54 === search_sort1 called ===
2026-07-30 22:45:54 request: {}
2026-07-30 22:45:54 SESSION user_id=66 main_company=231
2026-07-30 22:45:54 skey=d2caf3cd34ea5a93348150d9d3a30b71 mainhost=192.168.39.13
2026-07-30 22:45:54 get_results response: 
2026-07-30 22:45:54 get_results res_str: 
2026-07-30 22:45:54 RETURN: {"status":"ok","items":"","authorized":"OK","search_str":"OC90","res_res":null,"msg":"","reqid":"8deee7340f9de6"}
2026-07-30 22:45:57 === search_sort1 called ===
2026-07-30 22:45:57 request: {}
2026-07-30 22:45:57 SESSION user_id=66 main_company=231
2026-07-30 22:45:57 skey=d2caf3cd34ea5a93348150d9d3a30b71 mainhost=192.168.39.13
2026-07-30 22:45:57 get_results response: 
2026-07-30 22:45:57 get_results res_str: 
2026-07-30 22:45:57 RETURN: {"status":"ok","items":"","authorized":"OK","search_str":"OC90","res_res":null,"msg":"","reqid":"8deee7340f9de6"}
2026-07-30 22:46:00 === search_sort1 called ===
2026-07-30 22:46:00 request: {}
2026-07-30 22:46:00 SESSION user_id=66 main_company=231
2026-07-30 22:46:00 skey=d2caf3cd34ea5a93348150d9d3a30b71 mainhost=192.168.39.13
2026-07-30 22:46:00 get_results response: 
2026-07-30 22:46:00 get_results res_str: 
2026-07-30 22:46:00 RETURN: {"status":"ok","items":"","authorized":"OK","search_str":"OC90","res_res":null,"msg":"","reqid":"8deee7340f9de6"}
2026-07-30 22:46:04 === search_sort1 called ===
2026-07-30 22:46:04 request: {}
2026-07-30 22:46:04 SESSION user_id=66 main_company=231
2026-07-30 22:46:04 skey=d2caf3cd34ea5a93348150d9d3a30b71 mainhost=192.168.39.13
2026-07-30 22:46:04 get_results response: 
2026-07-30 22:46:04 get_results res_str: 
2026-07-30 22:46:04 RETURN: {"status":"ok","items":"","authorized":"OK","search_str":"OC90","res_res":null,"msg":"","reqid":"8deee7340f9de6"}
2026-07-30 22:46:07 === search_sort1 called ===
2026-07-30 22:46:07 request: {}
2026-07-30 22:46:07 SESSION user_id=66 main_company=231
2026-07-30 22:46:07 skey=d2caf3cd34ea5a93348150d9d3a30b71 mainhost=192.168.39.13
2026-07-30 22:46:07 get_results response: 
2026-07-30 22:46:07 get_results res_str: 
2026-07-30 22:46:07 RETURN: {"status":"ok","items":"","authorized":"OK","search_str":"OC90","res_res":null,"msg":"","reqid":"8deee7340f9de6"}
2026-07-30 22:46:10 === search_sort1 called ===
2026-07-30 22:46:10 request: {}
2026-07-30 22:46:10 SESSION user_id=66 main_company=231
2026-07-30 22:46:11 skey=d2caf3cd34ea5a93348150d9d3a30b71 mainhost=192.168.39.13
2026-07-30 22:46:11 get_results response: 
2026-07-30 22:46:11 get_results res_str: 
2026-07-30 22:46:11 RETURN: {"status":"ok","items":"","authorized":"OK","search_str":"OC90","res_res":null,"msg":"","reqid":"8deee7340f9de6"}
2026-07-30 22:46:14 === search_sort1 called ===
2026-07-30 22:46:14 request: {}
2026-07-30 22:46:14 SESSION user_id=66 main_company=231
2026-07-30 22:46:14 skey=d2caf3cd34ea5a93348150d9d3a30b71 mainhost=192.168.39.13
2026-07-30 22:46:14 get_results response: 
2026-07-30 22:46:14 get_results res_str: 
2026-07-30 22:46:14 RETURN: {"status":"ok","items":"","authorized":"OK","search_str":"OC90","res_res":null,"msg":"","reqid":"8deee7340f9de6"}
2026-07-30 22:46:17 === search_sort1 called ===
2026-07-30 22:46:17 request: {}
2026-07-30 22:46:17 SESSION user_id=66 main_company=231
2026-07-30 22:46:17 skey=d2caf3cd34ea5a93348150d9d3a30b71 mainhost=192.168.39.13
2026-07-30 22:46:17 get_results response: 
2026-07-30 22:46:17 get_results res_str: 
2026-07-30 22:46:17 RETURN: {"status":"ok","items":"","authorized":"OK","search_str":"OC90","res_res":null,"msg":"","reqid":"8deee7340f9de6"}
2026-07-30 22:46:21 === search_sort1 called ===
2026-07-30 22:46:21 request: {}
2026-07-30 22:46:21 SESSION user_id=66 main_company=231
2026-07-30 22:46:21 skey=d2caf3cd34ea5a93348150d9d3a30b71 mainhost=192.168.39.13
2026-07-30 22:46:21 get_results response: 
2026-07-30 22:46:21 get_results res_str: 
2026-07-30 22:46:21 RETURN: {"status":"ok","items":"","authorized":"OK","search_str":"OC90","res_res":null,"msg":"","reqid":"8deee7340f9de6"}
2026-07-30 22:46:24 === search_sort1 called ===
2026-07-30 22:46:24 request: {}
2026-07-30 22:46:24 SESSION user_id=66 main_company=231
2026-07-30 22:46:24 skey=d2caf3cd34ea5a93348150d9d3a30b71 mainhost=192.168.39.13
2026-07-30 22:46:24 get_results response: 
2026-07-30 22:46:24 get_results res_str: 
2026-07-30 22:46:24 RETURN: {"status":"ok","items":"","authorized":"OK","search_str":"OC90","res_res":null,"msg":"","reqid":"8deee7340f9de6"}
2026-07-30 22:46:27 === search_sort1 called ===
2026-07-30 22:46:27 request: {}
2026-07-30 22:46:27 SESSION user_id=66 main_company=231
2026-07-30 22:46:28 skey=d2caf3cd34ea5a93348150d9d3a30b71 mainhost=192.168.39.13
2026-07-30 22:46:28 get_results response: 
2026-07-30 22:46:28 get_results res_str: 
2026-07-30 22:46:28 RETURN: {"status":"ok","items":"","authorized":"OK","search_str":"OC90","res_res":null,"msg":"","reqid":"8deee7340f9de6"}
2026-07-30 22:46:31 === search_sort1 called ===
2026-07-30 22:46:31 request: {}
2026-07-30 22:46:31 SESSION user_id=66 main_company=231
2026-07-30 22:46:31 skey=d2caf3cd34ea5a93348150d9d3a30b71 mainhost=192.168.39.13
2026-07-30 22:46:31 get_results response: 
2026-07-30 22:46:31 get_results res_str: 
2026-07-30 22:46:31 RETURN: {"status":"ok","items":"","authorized":"OK","search_str":"OC90","res_res":null,"msg":"","reqid":"8deee7340f9de6"}
2026-07-30 22:46:34 === search_sort1 called ===
2026-07-30 22:46:34 request: {}
2026-07-30 22:46:34 SESSION user_id=66 main_company=231
2026-07-30 22:46:34 skey=d2caf3cd34ea5a93348150d9d3a30b71 mainhost=192.168.39.13
2026-07-30 22:46:34 get_results response: 
2026-07-30 22:46:34 get_results res_str: 
2026-07-30 22:46:34 RETURN: {"status":"ok","items":"","authorized":"OK","search_str":"OC90","res_res":null,"msg":"","reqid":"8deee7340f9de6"}
2026-07-30 22:46:38 === search_sort1 called ===
2026-07-30 22:46:38 request: {}
2026-07-30 22:46:38 SESSION user_id=66 main_company=231
2026-07-30 22:46:38 skey=d2caf3cd34ea5a93348150d9d3a30b71 mainhost=192.168.39.13
2026-07-30 22:46:38 get_results response: 
2026-07-30 22:46:38 get_results res_str: 
2026-07-30 22:46:38 RETURN: {"status":"ok","items":"","authorized":"OK","search_str":"OC90","res_res":null,"msg":"","reqid":"8deee7340f9de6"}
2026-07-30 22:46:41 === search_sort1 called ===
2026-07-30 22:46:41 request: {}
2026-07-30 22:46:41 SESSION user_id=66 main_company=231
2026-07-30 22:46:41 skey=d2caf3cd34ea5a93348150d9d3a30b71 mainhost=192.168.39.13
2026-07-30 22:46:41 get_results response: 
2026-07-30 22:46:41 get_results res_str: 
2026-07-30 22:46:41 RETURN: {"status":"ok","items":"","authorized":"OK","search_str":"OC90","res_res":null,"msg":"","reqid":"8deee7340f9de6"}
2026-07-30 22:46:44 === search_sort1 called ===
2026-07-30 22:46:44 request: {}
2026-07-30 22:46:44 SESSION user_id=66 main_company=231
2026-07-30 22:46:44 skey=d2caf3cd34ea5a93348150d9d3a30b71 mainhost=192.168.39.13
2026-07-30 22:46:44 get_results response: 
2026-07-30 22:46:44 get_results res_str: 
2026-07-30 22:46:44 RETURN: {"status":"ok","items":"","authorized":"OK","search_str":"OC90","res_res":null,"msg":"","reqid":"8deee7340f9de6"}
2026-07-30 22:46:48 === search_sort1 called ===
2026-07-30 22:46:48 request: {}
2026-07-30 22:46:48 SESSION user_id=66 main_company=231
2026-07-30 22:46:48 skey=d2caf3cd34ea5a93348150d9d3a30b71 mainhost=192.168.39.13
2026-07-30 22:46:48 get_results response: 
2026-07-30 22:46:48 get_results res_str: 
2026-07-30 22:46:48 RETURN: {"status":"ok","items":"","authorized":"OK","search_str":"OC90","res_res":null,"msg":"","reqid":"8deee7340f9de6"}
2026-07-30 22:46:51 === search_sort1 called ===
2026-07-30 22:46:51 request: {}
2026-07-30 22:46:51 SESSION user_id=66 main_company=231
2026-07-30 22:46:51 skey=d2caf3cd34ea5a93348150d9d3a30b71 mainhost=192.168.39.13
2026-07-30 22:46:51 get_results response: 
2026-07-30 22:46:51 get_results res_str: 
2026-07-30 22:46:51 RETURN: {"status":"ok","items":"","authorized":"OK","search_str":"OC90","res_res":null,"msg":"","reqid":"8deee7340f9de6"}
2026-07-30 22:46:54 === search_sort1 called ===
2026-07-30 22:46:54 request: {}
2026-07-30 22:46:54 SESSION user_id=66 main_company=231
2026-07-30 22:46:55 skey=d2caf3cd34ea5a93348150d9d3a30b71 mainhost=192.168.39.13
2026-07-30 22:46:55 get_results response: 
2026-07-30 22:46:55 get_results res_str: 
2026-07-30 22:46:55 RETURN: {"status":"ok","items":"","authorized":"OK","search_str":"OC90","res_res":null,"msg":"","reqid":"8deee7340f9de6"}
2026-07-30 22:46:58 === search_sort1 called ===
2026-07-30 22:46:58 request: {}
2026-07-30 22:46:58 SESSION user_id=66 main_company=231
2026-07-30 22:46:58 skey=d2caf3cd34ea5a93348150d9d3a30b71 mainhost=192.168.39.13
2026-07-30 22:46:58 get_results response: 
2026-07-30 22:46:58 get_results res_str: 
2026-07-30 22:46:58 RETURN: {"status":"ok","items":"","authorized":"OK","search_str":"OC90","res_res":null,"msg":"","reqid":"8deee7340f9de6"}
2026-07-30 22:47:01 === search_sort1 called ===
2026-07-30 22:47:01 request: {}
2026-07-30 22:47:01 SESSION user_id=66 main_company=231
2026-07-30 22:47:01 skey=d2caf3cd34ea5a93348150d9d3a30b71 mainhost=192.168.39.13
2026-07-30 22:47:01 get_results response: 
2026-07-30 22:47:01 get_results res_str: 
2026-07-30 22:47:01 RETURN: {"status":"ok","items":"","authorized":"OK","search_str":"OC90","res_res":null,"msg":"","reqid":"8deee7340f9de6"}
2026-07-30 22:47:05 === search_sort1 called ===
2026-07-30 22:47:05 request: {}
2026-07-30 22:47:05 SESSION user_id=66 main_company=231
2026-07-30 22:47:05 skey=d2caf3cd34ea5a93348150d9d3a30b71 mainhost=192.168.39.13
2026-07-30 22:47:05 get_results response: 
2026-07-30 22:47:05 get_results res_str: 
2026-07-30 22:47:05 RETURN: {"status":"ok","items":"","authorized":"OK","search_str":"OC90","res_res":null,"msg":"","reqid":"8deee7340f9de6"}
2026-07-30 22:47:08 === search_sort1 called ===
2026-07-30 22:47:08 request: {}
2026-07-30 22:47:08 SESSION user_id=66 main_company=231
2026-07-30 22:47:08 skey=d2caf3cd34ea5a93348150d9d3a30b71 mainhost=192.168.39.13
2026-07-30 22:47:08 get_results response: 
2026-07-30 22:47:08 get_results res_str: 
2026-07-30 22:47:08 RETURN: {"status":"ok","items":"","authorized":"OK","search_str":"OC90","res_res":null,"msg":"","reqid":"8deee7340f9de6"}
2026-07-30 22:47:11 === search_sort1 called ===
2026-07-30 22:47:11 request: {}
2026-07-30 22:47:11 SESSION user_id=66 main_company=231
2026-07-30 22:47:11 skey=d2caf3cd34ea5a93348150d9d3a30b71 mainhost=192.168.39.13
2026-07-30 22:47:12 get_results response: 
2026-07-30 22:47:12 get_results res_str: 
2026-07-30 22:47:12 RETURN: {"status":"ok","items":"","authorized":"OK","search_str":"OC90","res_res":null,"msg":"","reqid":"8deee7340f9de6"}
2026-07-30 22:47:15 === search_sort1 called ===
2026-07-30 22:47:15 request: {}
2026-07-30 22:47:15 SESSION user_id=66 main_company=231
2026-07-30 22:47:15 skey=d2caf3cd34ea5a93348150d9d3a30b71 mainhost=192.168.39.13
2026-07-30 22:47:15 get_results response: 
2026-07-30 22:47:15 get_results res_str: 
2026-07-30 22:47:15 RETURN: {"status":"ok","items":"","authorized":"OK","search_str":"OC90","res_res":null,"msg":"","reqid":"8deee7340f9de6"}
2026-07-30 22:47:18 === search_sort1 called ===
2026-07-30 22:47:18 request: {}
2026-07-30 22:47:18 SESSION user_id=66 main_company=231
2026-07-30 22:47:18 skey=d2caf3cd34ea5a93348150d9d3a30b71 mainhost=192.168.39.13
2026-07-30 22:47:18 get_results response: 
2026-07-30 22:47:18 get_results res_str: 
2026-07-30 22:47:18 RETURN: {"status":"ok","items":"","authorized":"OK","search_str":"OC90","res_res":null,"msg":"","reqid":"8deee7340f9de6"}
2026-07-30 22:47:22 === search_sort1 called ===
2026-07-30 22:47:22 request: {}
2026-07-30 22:47:22 SESSION user_id=66 main_company=231
2026-07-30 22:47:22 skey=d2caf3cd34ea5a93348150d9d3a30b71 mainhost=192.168.39.13
2026-07-30 22:47:22 get_results response: 
2026-07-30 22:47:22 get_results res_str: 
2026-07-30 22:47:22 RETURN: {"status":"ok","items":"","authorized":"OK","search_str":"OC90","res_res":null,"msg":"","reqid":"8deee7340f9de6"}
2026-07-30 22:47:25 === search_sort1 called ===
2026-07-30 22:47:25 request: {}
2026-07-30 22:47:25 SESSION user_id=66 main_company=231
2026-07-30 22:47:25 skey=d2caf3cd34ea5a93348150d9d3a30b71 mainhost=192.168.39.13
2026-07-30 22:47:25 get_results response: 
2026-07-30 22:47:25 get_results res_str: 
2026-07-30 22:47:25 RETURN: {"status":"ok","items":"","authorized":"OK","search_str":"OC90","res_res":null,"msg":"","reqid":"8deee7340f9de6"}
2026-07-30 22:47:28 === search_sort1 called ===
2026-07-30 22:47:28 request: {}
2026-07-30 22:47:28 SESSION user_id=66 main_company=231
2026-07-30 22:47:28 skey=d2caf3cd34ea5a93348150d9d3a30b71 mainhost=192.168.39.13
2026-07-30 22:47:29 get_results response: 
2026-07-30 22:47:29 get_results res_str: 
2026-07-30 22:47:29 RETURN: {"status":"ok","items":"","authorized":"OK","search_str":"OC90","res_res":null,"msg":"","reqid":"8deee7340f9de6"}
2026-07-30 22:47:32 === search_sort1 called ===
2026-07-30 22:47:32 request: {}
2026-07-30 22:47:32 SESSION user_id=66 main_company=231
2026-07-30 22:47:32 skey=d2caf3cd34ea5a93348150d9d3a30b71 mainhost=192.168.39.13
2026-07-30 22:47:32 get_results response: 
2026-07-30 22:47:32 get_results res_str: 
2026-07-30 22:47:32 RETURN: {"status":"ok","items":"","authorized":"OK","search_str":"OC90","res_res":null,"msg":"","reqid":"8deee7340f9de6"}
2026-07-30 22:47:35 === search_sort1 called ===
2026-07-30 22:47:35 request: {}
2026-07-30 22:47:35 SESSION user_id=66 main_company=231
2026-07-30 22:47:35 skey=d2caf3cd34ea5a93348150d9d3a30b71 mainhost=192.168.39.13
2026-07-30 22:47:35 get_results response: 
2026-07-30 22:47:35 get_results res_str: 
2026-07-30 22:47:35 RETURN: {"status":"ok","items":"","authorized":"OK","search_str":"OC90","res_res":null,"msg":"","reqid":"8deee7340f9de6"}
2026-07-30 22:47:39 === search_sort1 called ===
2026-07-30 22:47:39 request: {}
2026-07-30 22:47:39 SESSION user_id=66 main_company=231
2026-07-30 22:47:39 skey=d2caf3cd34ea5a93348150d9d3a30b71 mainhost=192.168.39.13
2026-07-30 22:47:39 get_results response: 
2026-07-30 22:47:39 get_results res_str: 
2026-07-30 22:47:39 RETURN: {"status":"ok","items":"","authorized":"OK","search_str":"OC90","res_res":null,"msg":"","reqid":"8deee7340f9de6"}
2026-07-30 22:47:42 === search_sort1 called ===
2026-07-30 22:47:42 request: {}
2026-07-30 22:47:42 SESSION user_id=66 main_company=231
2026-07-30 22:47:42 skey=d2caf3cd34ea5a93348150d9d3a30b71 mainhost=192.168.39.13
2026-07-30 22:47:42 get_results response: 
2026-07-30 22:47:42 get_results res_str: 
2026-07-30 22:47:42 RETURN: {"status":"ok","items":"","authorized":"OK","search_str":"OC90","res_res":null,"msg":"","reqid":"8deee7340f9de6"}
2026-07-30 22:47:45 === search_sort1 called ===
2026-07-30 22:47:45 request: {}
2026-07-30 22:47:45 SESSION user_id=66 main_company=231
2026-07-30 22:47:45 skey=d2caf3cd34ea5a93348150d9d3a30b71 mainhost=192.168.39.13
2026-07-30 22:47:45 get_results response: 
2026-07-30 22:47:45 get_results res_str: 
2026-07-30 22:47:45 RETURN: {"status":"ok","items":"","authorized":"OK","search_str":"OC90","res_res":null,"msg":"","reqid":"8deee7340f9de6"}
2026-07-30 22:47:49 === search_sort1 called ===
2026-07-30 22:47:49 request: {}
2026-07-30 22:47:49 SESSION user_id=66 main_company=231
2026-07-30 22:47:49 skey=d2caf3cd34ea5a93348150d9d3a30b71 mainhost=192.168.39.13
2026-07-30 22:47:49 get_results response: 
2026-07-30 22:47:49 get_results res_str: 
2026-07-30 22:47:49 RETURN: {"status":"ok","items":"","authorized":"OK","search_str":"OC90","res_res":null,"msg":"","reqid":"8deee7340f9de6"}
2026-07-30 22:47:52 === search_sort1 called ===
2026-07-30 22:47:52 request: {}
2026-07-30 22:47:52 SESSION user_id=66 main_company=231
2026-07-30 22:47:52 skey=d2caf3cd34ea5a93348150d9d3a30b71 mainhost=192.168.39.13
2026-07-30 22:47:52 get_results response: 
2026-07-30 22:47:52 get_results res_str: 
2026-07-30 22:47:52 RETURN: {"status":"ok","items":"","authorized":"OK","search_str":"OC90","res_res":null,"msg":"","reqid":"8deee7340f9de6"}
2026-07-30 22:47:55 === search_sort1 called ===
2026-07-30 22:47:55 request: {}
2026-07-30 22:47:55 SESSION user_id=66 main_company=231
2026-07-30 22:47:55 skey=d2caf3cd34ea5a93348150d9d3a30b71 mainhost=192.168.39.13
2026-07-30 22:47:56 get_results response: 
2026-07-30 22:47:56 get_results res_str: 
2026-07-30 22:47:56 RETURN: {"status":"ok","items":"","authorized":"OK","search_str":"OC90","res_res":null,"msg":"","reqid":"8deee7340f9de6"}
2026-07-30 22:48:07 === search_sort1 called ===
2026-07-30 22:48:07 request: {}
2026-07-30 22:48:07 SESSION user_id=66 main_company=231
2026-07-30 22:48:07 skey=d2caf3cd34ea5a93348150d9d3a30b71 mainhost=192.168.39.13
2026-07-30 22:48:07 new_search=1 config_values count=4
2026-07-30 22:48:07 newsearch response: 
2026-07-30 22:48:07 res_str: 
2026-07-30 22:48:07 RETURN: {"status":"ok","items":"","plugins_started":[{"plugin_id":"3","name":"mikado-parts.ru","icon":"\/images\/icons\/mikado_parts_ru.ico"},{"plugin_id":"5","name":"adeo.pro","icon":"\/images\/icons\/adeo-pro_ru.ico"},{"plugin_id":"7","name":"autoeuro.ru","icon":"\/images\/icons\/autoeuro_ru.ico"},{"plugin_id":"14","name":"abstd.ru","icon":"\/images\/icons\/abs-auto_ru.ico"}],"authorized":"OK","search_str":"OC90","res_res":null,"msg":"","reqid":"8deee73ecd58fe"}
2026-07-30 22:48:11 === search_sort1 called ===
2026-07-30 22:48:11 request: {}
2026-07-30 22:48:11 SESSION user_id=66 main_company=231
2026-07-30 22:48:11 skey=d2caf3cd34ea5a93348150d9d3a30b71 mainhost=192.168.39.13
2026-07-30 22:48:11 get_results response: 
2026-07-30 22:48:11 get_results res_str: 
2026-07-30 22:48:11 RETURN: {"status":"ok","items":"","authorized":"OK","search_str":"OC90","res_res":null,"msg":"","reqid":"8deee73ecd58fe"}
2026-07-30 22:48:14 === search_sort1 called ===
2026-07-30 22:48:14 request: {}
2026-07-30 22:48:14 SESSION user_id=66 main_company=231
2026-07-30 22:48:14 skey=d2caf3cd34ea5a93348150d9d3a30b71 mainhost=192.168.39.13
2026-07-30 22:48:14 get_results response: 
2026-07-30 22:48:14 get_results res_str: 
2026-07-30 22:48:14 RETURN: {"status":"ok","items":"","authorized":"OK","search_str":"OC90","res_res":null,"msg":"","reqid":"8deee73ecd58fe"}
2026-07-30 22:48:17 === search_sort1 called ===
2026-07-30 22:48:17 request: {}
2026-07-30 22:48:17 SESSION user_id=66 main_company=231
2026-07-30 22:48:17 skey=d2caf3cd34ea5a93348150d9d3a30b71 mainhost=192.168.39.13
2026-07-30 22:48:17 get_results response: 
2026-07-30 22:48:17 get_results res_str: 
2026-07-30 22:48:18 RETURN: {"status":"ok","items":"","authorized":"OK","search_str":"OC90","res_res":null,"msg":"","reqid":"8deee73ecd58fe"}
2026-07-30 22:48:21 === search_sort1 called ===
2026-07-30 22:48:21 request: {}
2026-07-30 22:48:21 SESSION user_id=66 main_company=231
2026-07-30 22:48:21 skey=d2caf3cd34ea5a93348150d9d3a30b71 mainhost=192.168.39.13
2026-07-30 22:48:21 get_results response: 
2026-07-30 22:48:21 get_results res_str: 
2026-07-30 22:48:21 RETURN: {"status":"ok","items":"","authorized":"OK","search_str":"OC90","res_res":null,"msg":"","reqid":"8deee73ecd58fe"}
2026-07-30 22:48:24 === search_sort1 called ===
2026-07-30 22:48:24 request: {}
2026-07-30 22:48:24 SESSION user_id=66 main_company=231
2026-07-30 22:48:24 skey=d2caf3cd34ea5a93348150d9d3a30b71 mainhost=192.168.39.13
2026-07-30 22:48:25 get_results response: 
2026-07-30 22:48:25 get_results res_str: 
2026-07-30 22:48:25 RETURN: {"status":"ok","items":"","authorized":"OK","search_str":"OC90","res_res":null,"msg":"","reqid":"8deee73ecd58fe"}
2026-07-30 22:48:28 === search_sort1 called ===
2026-07-30 22:48:28 request: {}
2026-07-30 22:48:28 SESSION user_id=66 main_company=231
2026-07-30 22:48:28 skey=d2caf3cd34ea5a93348150d9d3a30b71 mainhost=192.168.39.13
2026-07-30 22:48:28 get_results response: 
2026-07-30 22:48:28 get_results res_str: 
2026-07-30 22:48:28 RETURN: {"status":"ok","items":"","authorized":"OK","search_str":"OC90","res_res":null,"msg":"","reqid":"8deee73ecd58fe"}
2026-07-30 22:48:31 === search_sort1 called ===
2026-07-30 22:48:31 request: {}
2026-07-30 22:48:31 SESSION user_id=66 main_company=231
2026-07-30 22:48:31 skey=d2caf3cd34ea5a93348150d9d3a30b71 mainhost=192.168.39.13
2026-07-30 22:48:31 get_results response: 
2026-07-30 22:48:31 get_results res_str: 
2026-07-30 22:48:31 RETURN: {"status":"ok","items":"","authorized":"OK","search_str":"OC90","res_res":null,"msg":"","reqid":"8deee73ecd58fe"}
2026-07-30 22:48:35 === search_sort1 called ===
2026-07-30 22:48:35 request: {}
2026-07-30 22:48:35 SESSION user_id=66 main_company=231
2026-07-30 22:48:35 skey=d2caf3cd34ea5a93348150d9d3a30b71 mainhost=192.168.39.13
2026-07-30 22:48:35 get_results response: 
2026-07-30 22:48:35 get_results res_str: 
2026-07-30 22:48:35 RETURN: {"status":"ok","items":"","authorized":"OK","search_str":"OC90","res_res":null,"msg":"","reqid":"8deee73ecd58fe"}
2026-07-30 22:48:38 === search_sort1 called ===
2026-07-30 22:48:38 request: {}
2026-07-30 22:48:38 SESSION user_id=66 main_company=231
2026-07-30 22:48:38 skey=d2caf3cd34ea5a93348150d9d3a30b71 mainhost=192.168.39.13
2026-07-30 22:48:38 get_results response: 
2026-07-30 22:48:38 get_results res_str: 
2026-07-30 22:48:38 RETURN: {"status":"ok","items":"","authorized":"OK","search_str":"OC90","res_res":null,"msg":"","reqid":"8deee73ecd58fe"}
2026-07-30 22:48:41 === search_sort1 called ===
2026-07-30 22:48:41 request: {}
2026-07-30 22:48:41 SESSION user_id=66 main_company=231
2026-07-30 22:48:42 skey=d2caf3cd34ea5a93348150d9d3a30b71 mainhost=192.168.39.13
2026-07-30 22:48:42 get_results response: 
2026-07-30 22:48:42 get_results res_str: 
2026-07-30 22:48:42 RETURN: {"status":"ok","items":"","authorized":"OK","search_str":"OC90","res_res":null,"msg":"","reqid":"8deee73ecd58fe"}
2026-07-30 22:48:45 === search_sort1 called ===
2026-07-30 22:48:45 request: {}
2026-07-30 22:48:45 SESSION user_id=66 main_company=231
2026-07-30 22:48:45 skey=d2caf3cd34ea5a93348150d9d3a30b71 mainhost=192.168.39.13
2026-07-30 22:48:45 get_results response: 
2026-07-30 22:48:45 get_results res_str: 
2026-07-30 22:48:45 RETURN: {"status":"ok","items":"","authorized":"OK","search_str":"OC90","res_res":null,"msg":"","reqid":"8deee73ecd58fe"}
2026-07-30 22:48:48 === search_sort1 called ===
2026-07-30 22:48:48 request: {}
2026-07-30 22:48:48 SESSION user_id=66 main_company=231
2026-07-30 22:48:48 skey=d2caf3cd34ea5a93348150d9d3a30b71 mainhost=192.168.39.13
2026-07-30 22:48:48 get_results response: 
2026-07-30 22:48:48 get_results res_str: 
2026-07-30 22:48:48 RETURN: {"status":"ok","items":"","authorized":"OK","search_str":"OC90","res_res":null,"msg":"","reqid":"8deee73ecd58fe"}
2026-07-30 22:48:52 === search_sort1 called ===
2026-07-30 22:48:52 request: {}
2026-07-30 22:48:52 SESSION user_id=66 main_company=231
2026-07-30 22:48:52 skey=d2caf3cd34ea5a93348150d9d3a30b71 mainhost=192.168.39.13
2026-07-30 22:48:52 get_results response: 
2026-07-30 22:48:52 get_results res_str: 
2026-07-30 22:48:52 RETURN: {"status":"ok","items":"","authorized":"OK","search_str":"OC90","res_res":null,"msg":"","reqid":"8deee73ecd58fe"}
2026-07-30 22:48:55 === search_sort1 called ===
2026-07-30 22:48:55 request: {}
2026-07-30 22:48:55 SESSION user_id=66 main_company=231
2026-07-30 22:48:55 skey=d2caf3cd34ea5a93348150d9d3a30b71 mainhost=192.168.39.13
2026-07-30 22:48:55 get_results response: 
2026-07-30 22:48:55 get_results res_str: 
2026-07-30 22:48:55 RETURN: {"status":"ok","items":"","authorized":"OK","search_str":"OC90","res_res":null,"msg":"","reqid":"8deee73ecd58fe"}
2026-07-30 22:48:58 === search_sort1 called ===
2026-07-30 22:48:58 request: {}
2026-07-30 22:48:58 SESSION user_id=66 main_company=231
2026-07-30 22:48:58 skey=d2caf3cd34ea5a93348150d9d3a30b71 mainhost=192.168.39.13
2026-07-30 22:48:59 get_results response: 
2026-07-30 22:48:59 get_results res_str: 
2026-07-30 22:48:59 RETURN: {"status":"ok","items":"","authorized":"OK","search_str":"OC90","res_res":null,"msg":"","reqid":"8deee73ecd58fe"}
2026-07-30 22:49:02 === search_sort1 called ===
2026-07-30 22:49:02 request: {}
2026-07-30 22:49:02 SESSION user_id=66 main_company=231
2026-07-30 22:49:02 skey=d2caf3cd34ea5a93348150d9d3a30b71 mainhost=192.168.39.13
2026-07-30 22:49:02 get_results response: 
2026-07-30 22:49:02 get_results res_str: 
2026-07-30 22:49:02 RETURN: {"status":"ok","items":"","authorized":"OK","search_str":"OC90","res_res":null,"msg":"","reqid":"8deee73ecd58fe"}
2026-07-30 22:49:05 === search_sort1 called ===
2026-07-30 22:49:05 request: {}
2026-07-30 22:49:05 SESSION user_id=66 main_company=231
2026-07-30 22:49:05 skey=d2caf3cd34ea5a93348150d9d3a30b71 mainhost=192.168.39.13
2026-07-30 22:49:05 get_results response: 
2026-07-30 22:49:05 get_results res_str: 
2026-07-30 22:49:05 RETURN: {"status":"ok","items":"","authorized":"OK","search_str":"OC90","res_res":null,"msg":"","reqid":"8deee73ecd58fe"}
2026-07-30 22:49:08 === search_sort1 called ===
2026-07-30 22:49:08 request: {}
2026-07-30 22:49:08 SESSION user_id=66 main_company=231
2026-07-30 22:49:09 skey=d2caf3cd34ea5a93348150d9d3a30b71 mainhost=192.168.39.13
2026-07-30 22:49:09 get_results response: 
2026-07-30 22:49:09 get_results res_str: 
2026-07-30 22:49:09 RETURN: {"status":"ok","items":"","authorized":"OK","search_str":"OC90","res_res":null,"msg":"","reqid":"8deee73ecd58fe"}
2026-07-30 22:49:12 === search_sort1 called ===
2026-07-30 22:49:12 request: {}
2026-07-30 22:49:12 SESSION user_id=66 main_company=231
2026-07-30 22:49:12 skey=d2caf3cd34ea5a93348150d9d3a30b71 mainhost=192.168.39.13
2026-07-30 22:49:12 get_results response: 
2026-07-30 22:49:12 get_results res_str: 
2026-07-30 22:49:12 RETURN: {"status":"ok","items":"","authorized":"OK","search_str":"OC90","res_res":null,"msg":"","reqid":"8deee73ecd58fe"}
2026-07-30 22:49:15 === search_sort1 called ===
2026-07-30 22:49:15 request: {}
2026-07-30 22:49:15 SESSION user_id=66 main_company=231
2026-07-30 22:49:15 skey=d2caf3cd34ea5a93348150d9d3a30b71 mainhost=192.168.39.13
2026-07-30 22:49:15 get_results response: 
2026-07-30 22:49:15 get_results res_str: 
2026-07-30 22:49:15 RETURN: {"status":"ok","items":"","authorized":"OK","search_str":"OC90","res_res":null,"msg":"","reqid":"8deee73ecd58fe"}
2026-07-30 22:49:19 === search_sort1 called ===
2026-07-30 22:49:19 request: {}
2026-07-30 22:49:19 SESSION user_id=66 main_company=231
2026-07-30 22:49:19 skey=d2caf3cd34ea5a93348150d9d3a30b71 mainhost=192.168.39.13
2026-07-30 22:49:19 get_results response: 
2026-07-30 22:49:19 get_results res_str: 
2026-07-30 22:49:19 RETURN: {"status":"ok","items":"","authorized":"OK","search_str":"OC90","res_res":null,"msg":"","reqid":"8deee73ecd58fe"}
2026-07-30 22:49:22 === search_sort1 called ===
2026-07-30 22:49:22 request: {}
2026-07-30 22:49:22 SESSION user_id=66 main_company=231
2026-07-30 22:49:22 skey=d2caf3cd34ea5a93348150d9d3a30b71 mainhost=192.168.39.13
2026-07-30 22:49:22 get_results response: 
2026-07-30 22:49:22 get_results res_str: 
2026-07-30 22:49:22 RETURN: {"status":"ok","items":"","authorized":"OK","search_str":"OC90","res_res":null,"msg":"","reqid":"8deee73ecd58fe"}
2026-07-30 22:49:25 === search_sort1 called ===
2026-07-30 22:49:25 request: {}
2026-07-30 22:49:25 SESSION user_id=66 main_company=231
2026-07-30 22:49:25 skey=d2caf3cd34ea5a93348150d9d3a30b71 mainhost=192.168.39.13
2026-07-30 22:49:26 get_results response: 
2026-07-30 22:49:26 get_results res_str: 
2026-07-30 22:49:26 RETURN: {"status":"ok","items":"","authorized":"OK","search_str":"OC90","res_res":null,"msg":"","reqid":"8deee73ecd58fe"}
2026-07-30 22:49:29 === search_sort1 called ===
2026-07-30 22:49:29 request: {}
2026-07-30 22:49:29 SESSION user_id=66 main_company=231
2026-07-30 22:49:29 skey=d2caf3cd34ea5a93348150d9d3a30b71 mainhost=192.168.39.13
2026-07-30 22:49:29 get_results response: 
2026-07-30 22:49:29 get_results res_str: 
2026-07-30 22:49:29 RETURN: {"status":"ok","items":"","authorized":"OK","search_str":"OC90","res_res":null,"msg":"","reqid":"8deee73ecd58fe"}
2026-07-30 22:49:32 === search_sort1 called ===
2026-07-30 22:49:32 request: {}
2026-07-30 22:49:32 SESSION user_id=66 main_company=231
2026-07-30 22:49:32 skey=d2caf3cd34ea5a93348150d9d3a30b71 mainhost=192.168.39.13
2026-07-30 22:49:32 get_results response: 
2026-07-30 22:49:32 get_results res_str: 
2026-07-30 22:49:32 RETURN: {"status":"ok","items":"","authorized":"OK","search_str":"OC90","res_res":null,"msg":"","reqid":"8deee73ecd58fe"}
2026-07-30 22:49:36 === search_sort1 called ===
2026-07-30 22:49:36 request: {}
2026-07-30 22:49:36 SESSION user_id=66 main_company=231
2026-07-30 22:49:36 skey=d2caf3cd34ea5a93348150d9d3a30b71 mainhost=192.168.39.13
2026-07-30 22:49:36 get_results response: 
2026-07-30 22:49:36 get_results res_str: 
2026-07-30 22:49:36 RETURN: {"status":"ok","items":"","authorized":"OK","search_str":"OC90","res_res":null,"msg":"","reqid":"8deee73ecd58fe"}
2026-07-30 22:49:39 === search_sort1 called ===
2026-07-30 22:49:39 request: {}
2026-07-30 22:49:39 SESSION user_id=66 main_company=231
2026-07-30 22:49:39 skey=d2caf3cd34ea5a93348150d9d3a30b71 mainhost=192.168.39.13
2026-07-30 22:49:39 get_results response: 
2026-07-30 22:49:39 get_results res_str: 
2026-07-30 22:49:39 RETURN: {"status":"ok","items":"","authorized":"OK","search_str":"OC90","res_res":null,"msg":"","reqid":"8deee73ecd58fe"}
2026-07-30 22:49:42 === search_sort1 called ===
2026-07-30 22:49:42 request: {}
2026-07-30 22:49:42 SESSION user_id=66 main_company=231
2026-07-30 22:49:42 skey=d2caf3cd34ea5a93348150d9d3a30b71 mainhost=192.168.39.13
2026-07-30 22:49:43 get_results response: 
2026-07-30 22:49:43 get_results res_str: 
2026-07-30 22:49:43 RETURN: {"status":"ok","items":"","authorized":"OK","search_str":"OC90","res_res":null,"msg":"","reqid":"8deee73ecd58fe"}
2026-07-30 22:49:46 === search_sort1 called ===
2026-07-30 22:49:46 request: {}
2026-07-30 22:49:46 SESSION user_id=66 main_company=231
2026-07-30 22:49:46 skey=d2caf3cd34ea5a93348150d9d3a30b71 mainhost=192.168.39.13
2026-07-30 22:49:46 get_results response: 
2026-07-30 22:49:46 get_results res_str: 
2026-07-30 22:49:46 RETURN: {"status":"ok","items":"","authorized":"OK","search_str":"OC90","res_res":null,"msg":"","reqid":"8deee73ecd58fe"}
2026-07-30 22:49:49 === search_sort1 called ===
2026-07-30 22:49:49 request: {}
2026-07-30 22:49:49 SESSION user_id=66 main_company=231
2026-07-30 22:49:49 skey=d2caf3cd34ea5a93348150d9d3a30b71 mainhost=192.168.39.13
2026-07-30 22:49:49 get_results response: 
2026-07-30 22:49:49 get_results res_str: 
2026-07-30 22:49:49 RETURN: {"status":"ok","items":"","authorized":"OK","search_str":"OC90","res_res":null,"msg":"","reqid":"8deee73ecd58fe"}
2026-07-30 22:49:52 === search_sort1 called ===
2026-07-30 22:49:52 request: {}
2026-07-30 22:49:52 SESSION user_id=66 main_company=231
2026-07-30 22:49:53 skey=d2caf3cd34ea5a93348150d9d3a30b71 mainhost=192.168.39.13
2026-07-30 22:49:53 get_results response: 
2026-07-30 22:49:53 get_results res_str: 
2026-07-30 22:49:53 RETURN: {"status":"ok","items":"","authorized":"OK","search_str":"OC90","res_res":null,"msg":"","reqid":"8deee73ecd58fe"}
2026-07-30 22:49:56 === search_sort1 called ===
2026-07-30 22:49:56 request: {}
2026-07-30 22:49:56 SESSION user_id=66 main_company=231
2026-07-30 22:49:56 skey=d2caf3cd34ea5a93348150d9d3a30b71 mainhost=192.168.39.13
2026-07-30 22:49:56 get_results response: 
2026-07-30 22:49:56 get_results res_str: 
2026-07-30 22:49:56 RETURN: {"status":"ok","items":"","authorized":"OK","search_str":"OC90","res_res":null,"msg":"","reqid":"8deee73ecd58fe"}
2026-07-30 22:49:59 === search_sort1 called ===
2026-07-30 22:49:59 request: {}
2026-07-30 22:49:59 SESSION user_id=66 main_company=231
2026-07-30 22:49:59 skey=d2caf3cd34ea5a93348150d9d3a30b71 mainhost=192.168.39.13
2026-07-30 22:49:59 get_results response: 
2026-07-30 22:49:59 get_results res_str: 
2026-07-30 22:49:59 RETURN: {"status":"ok","items":"","authorized":"OK","search_str":"OC90","res_res":null,"msg":"","reqid":"8deee73ecd58fe"}
2026-07-30 22:50:03 === search_sort1 called ===
2026-07-30 22:50:03 request: {}
2026-07-30 22:50:03 SESSION user_id=66 main_company=231
2026-07-30 22:50:03 skey=d2caf3cd34ea5a93348150d9d3a30b71 mainhost=192.168.39.13
2026-07-30 22:50:03 get_results response: 
2026-07-30 22:50:03 get_results res_str: 
2026-07-30 22:50:03 RETURN: {"status":"ok","items":"","authorized":"OK","search_str":"OC90","res_res":null,"msg":"","reqid":"8deee73ecd58fe"}
2026-07-30 22:50:06 === search_sort1 called ===
2026-07-30 22:50:06 request: {}
2026-07-30 22:50:06 SESSION user_id=66 main_company=231
2026-07-30 22:50:06 skey=d2caf3cd34ea5a93348150d9d3a30b71 mainhost=192.168.39.13
2026-07-30 22:50:06 get_results response: 
2026-07-30 22:50:06 get_results res_str: 
2026-07-30 22:50:06 RETURN: {"status":"ok","items":"","authorized":"OK","search_str":"OC90","res_res":null,"msg":"","reqid":"8deee73ecd58fe"}
2026-07-30 22:50:09 === search_sort1 called ===
2026-07-30 22:50:09 request: {}
2026-07-30 22:50:09 SESSION user_id=66 main_company=231
2026-07-30 22:50:09 skey=d2caf3cd34ea5a93348150d9d3a30b71 mainhost=192.168.39.13
2026-07-30 22:50:10 get_results response: 
2026-07-30 22:50:10 get_results res_str: 
2026-07-30 22:50:10 RETURN: {"status":"ok","items":"","authorized":"OK","search_str":"OC90","res_res":null,"msg":"","reqid":"8deee73ecd58fe"}
2026-07-30 22:50:13 === search_sort1 called ===
2026-07-30 22:50:13 request: {}
2026-07-30 22:50:13 SESSION user_id=66 main_company=231
2026-07-30 22:50:13 skey=d2caf3cd34ea5a93348150d9d3a30b71 mainhost=192.168.39.13
2026-07-30 22:50:13 get_results response: 
2026-07-30 22:50:13 get_results res_str: 
2026-07-30 22:50:13 RETURN: {"status":"ok","items":"","authorized":"OK","search_str":"OC90","res_res":null,"msg":"","reqid":"8deee73ecd58fe"}
2026-07-30 22:50:16 === search_sort1 called ===
2026-07-30 22:50:16 request: {}
2026-07-30 22:50:16 SESSION user_id=66 main_company=231
2026-07-30 22:50:16 skey=d2caf3cd34ea5a93348150d9d3a30b71 mainhost=192.168.39.13
2026-07-30 22:50:16 get_results response: 
2026-07-30 22:50:16 get_results res_str: 
2026-07-30 22:50:16 RETURN: {"status":"ok","items":"","authorized":"OK","search_str":"OC90","res_res":null,"msg":"","reqid":"8deee73ecd58fe"}
2026-07-30 22:50:20 === search_sort1 called ===
2026-07-30 22:50:20 request: {}
2026-07-30 22:50:20 SESSION user_id=66 main_company=231
2026-07-30 22:50:20 skey=d2caf3cd34ea5a93348150d9d3a30b71 mainhost=192.168.39.13
2026-07-30 22:50:20 get_results response: 
2026-07-30 22:50:20 get_results res_str: 
2026-07-30 22:50:20 RETURN: {"status":"ok","items":"","authorized":"OK","search_str":"OC90","res_res":null,"msg":"","reqid":"8deee73ecd58fe"}
2026-07-30 22:50:23 === search_sort1 called ===
2026-07-30 22:50:23 request: {}
2026-07-30 22:50:23 SESSION user_id=66 main_company=231
2026-07-30 22:50:23 skey=d2caf3cd34ea5a93348150d9d3a30b71 mainhost=192.168.39.13
2026-07-30 22:50:23 get_results response: 
2026-07-30 22:50:23 get_results res_str: 
2026-07-30 22:50:23 RETURN: {"status":"ok","items":"","authorized":"OK","search_str":"OC90","res_res":null,"msg":"","reqid":"8deee73ecd58fe"}
2026-07-30 22:51:04 === search_sort1 called ===
2026-07-30 22:51:04 request: {}
2026-07-30 22:51:04 SESSION user_id=66 main_company=231
2026-07-30 22:51:04 skey=d2caf3cd34ea5a93348150d9d3a30b71 mainhost=192.168.39.13
2026-07-30 22:51:04 new_search=1 config_values count=4
2026-07-30 22:51:04 newsearch response: 
2026-07-30 22:51:04 res_str: 
2026-07-30 22:51:04 RETURN: {"status":"ok","items":"","plugins_started":[{"plugin_id":"3","name":"mikado-parts.ru","icon":"\/images\/icons\/mikado_parts_ru.ico"},{"plugin_id":"5","name":"adeo.pro","icon":"\/images\/icons\/adeo-pro_ru.ico"},{"plugin_id":"7","name":"autoeuro.ru","icon":"\/images\/icons\/autoeuro_ru.ico"},{"plugin_id":"14","name":"abstd.ru","icon":"\/images\/icons\/abs-auto_ru.ico"}],"authorized":"OK","search_str":"OC90","res_res":null,"msg":"","reqid":"8deee745d5f885"}
2026-07-30 22:51:07 === search_sort1 called ===
2026-07-30 22:51:07 request: {}
2026-07-30 22:51:07 SESSION user_id=66 main_company=231
2026-07-30 22:51:07 skey=d2caf3cd34ea5a93348150d9d3a30b71 mainhost=192.168.39.13
2026-07-30 22:51:07 get_results response: 
2026-07-30 22:51:07 get_results res_str: 
2026-07-30 22:51:07 RETURN: {"status":"ok","items":"","authorized":"OK","search_str":"OC90","res_res":null,"msg":"","reqid":"8deee745d5f885"}
2026-07-30 22:51:10 === search_sort1 called ===
2026-07-30 22:51:10 request: {}
2026-07-30 22:51:10 SESSION user_id=66 main_company=231
2026-07-30 22:51:10 skey=d2caf3cd34ea5a93348150d9d3a30b71 mainhost=192.168.39.13
2026-07-30 22:51:10 get_results response: 
2026-07-30 22:51:10 get_results res_str: 
2026-07-30 22:51:10 RETURN: {"status":"ok","items":"","authorized":"OK","search_str":"OC90","res_res":null,"msg":"","reqid":"8deee745d5f885"}
2026-07-30 22:51:14 === search_sort1 called ===
2026-07-30 22:51:14 request: {}
2026-07-30 22:51:14 SESSION user_id=66 main_company=231
2026-07-30 22:51:14 skey=d2caf3cd34ea5a93348150d9d3a30b71 mainhost=192.168.39.13
2026-07-30 22:51:14 get_results response: 
2026-07-30 22:51:14 get_results res_str: 
2026-07-30 22:51:14 RETURN: {"status":"ok","items":"","authorized":"OK","search_str":"OC90","res_res":null,"msg":"","reqid":"8deee745d5f885"}
2026-07-30 22:51:17 === search_sort1 called ===
2026-07-30 22:51:17 request: {}
2026-07-30 22:51:17 SESSION user_id=66 main_company=231
2026-07-30 22:51:17 skey=d2caf3cd34ea5a93348150d9d3a30b71 mainhost=192.168.39.13
2026-07-30 22:51:17 get_results response: 
2026-07-30 22:51:17 get_results res_str: 
2026-07-30 22:51:17 RETURN: {"status":"ok","items":"","authorized":"OK","search_str":"OC90","res_res":null,"msg":"","reqid":"8deee745d5f885"}
2026-07-30 22:51:20 === search_sort1 called ===
2026-07-30 22:51:20 request: {}
2026-07-30 22:51:20 SESSION user_id=66 main_company=231
2026-07-30 22:51:20 skey=d2caf3cd34ea5a93348150d9d3a30b71 mainhost=192.168.39.13
2026-07-30 22:51:21 get_results response: 
2026-07-30 22:51:21 get_results res_str: 
2026-07-30 22:51:21 RETURN: {"status":"ok","items":"","authorized":"OK","search_str":"OC90","res_res":null,"msg":"","reqid":"8deee745d5f885"}
2026-07-30 22:51:24 === search_sort1 called ===
2026-07-30 22:51:24 request: {}
2026-07-30 22:51:24 SESSION user_id=66 main_company=231
2026-07-30 22:51:24 skey=d2caf3cd34ea5a93348150d9d3a30b71 mainhost=192.168.39.13
2026-07-30 22:51:24 get_results response: 
2026-07-30 22:51:24 get_results res_str: 
2026-07-30 22:51:24 RETURN: {"status":"ok","items":"","authorized":"OK","search_str":"OC90","res_res":null,"msg":"","reqid":"8deee745d5f885"}
2026-07-30 22:51:27 === search_sort1 called ===
2026-07-30 22:51:27 request: {}
2026-07-30 22:51:27 SESSION user_id=66 main_company=231
2026-07-30 22:51:27 skey=d2caf3cd34ea5a93348150d9d3a30b71 mainhost=192.168.39.13
2026-07-30 22:51:27 get_results response: 
2026-07-30 22:51:27 get_results res_str: 
2026-07-30 22:51:27 RETURN: {"status":"ok","items":"","authorized":"OK","search_str":"OC90","res_res":null,"msg":"","reqid":"8deee745d5f885"}
2026-07-30 22:51:31 === search_sort1 called ===
2026-07-30 22:51:31 request: {}
2026-07-30 22:51:31 SESSION user_id=66 main_company=231
2026-07-30 22:51:31 skey=d2caf3cd34ea5a93348150d9d3a30b71 mainhost=192.168.39.13
2026-07-30 22:51:31 get_results response: 
2026-07-30 22:51:31 get_results res_str: 
2026-07-30 22:51:31 RETURN: {"status":"ok","items":"","authorized":"OK","search_str":"OC90","res_res":null,"msg":"","reqid":"8deee745d5f885"}
2026-07-30 22:51:34 === search_sort1 called ===
2026-07-30 22:51:34 request: {}
2026-07-30 22:51:34 SESSION user_id=66 main_company=231
2026-07-30 22:51:34 skey=d2caf3cd34ea5a93348150d9d3a30b71 mainhost=192.168.39.13
2026-07-30 22:51:34 get_results response: 
2026-07-30 22:51:34 get_results res_str: 
2026-07-30 22:51:34 RETURN: {"status":"ok","items":"","authorized":"OK","search_str":"OC90","res_res":null,"msg":"","reqid":"8deee745d5f885"}
2026-07-30 22:51:37 === search_sort1 called ===
2026-07-30 22:51:37 request: {}
2026-07-30 22:51:37 SESSION user_id=66 main_company=231
2026-07-30 22:51:37 skey=d2caf3cd34ea5a93348150d9d3a30b71 mainhost=192.168.39.13
2026-07-30 22:51:37 get_results response: 
2026-07-30 22:51:37 get_results res_str: 
2026-07-30 22:51:37 RETURN: {"status":"ok","items":"","authorized":"OK","search_str":"OC90","res_res":null,"msg":"","reqid":"8deee745d5f885"}
2026-07-30 22:51:41 === search_sort1 called ===
2026-07-30 22:51:41 request: {}
2026-07-30 22:51:41 SESSION user_id=66 main_company=231
2026-07-30 22:51:41 skey=d2caf3cd34ea5a93348150d9d3a30b71 mainhost=192.168.39.13
2026-07-30 22:51:41 get_results response: 
2026-07-30 22:51:41 get_results res_str: 
2026-07-30 22:51:41 RETURN: {"status":"ok","items":"","authorized":"OK","search_str":"OC90","res_res":null,"msg":"","reqid":"8deee745d5f885"}
2026-07-30 22:51:44 === search_sort1 called ===
2026-07-30 22:51:44 request: {}
2026-07-30 22:51:44 SESSION user_id=66 main_company=231
2026-07-30 22:51:44 skey=d2caf3cd34ea5a93348150d9d3a30b71 mainhost=192.168.39.13
2026-07-30 22:51:44 get_results response: 
2026-07-30 22:51:44 get_results res_str: 
2026-07-30 22:51:44 RETURN: {"status":"ok","items":"","authorized":"OK","search_str":"OC90","res_res":null,"msg":"","reqid":"8deee745d5f885"}
2026-07-30 22:51:47 === search_sort1 called ===
2026-07-30 22:51:47 request: {}
2026-07-30 22:51:47 SESSION user_id=66 main_company=231
2026-07-30 22:51:48 skey=d2caf3cd34ea5a93348150d9d3a30b71 mainhost=192.168.39.13
2026-07-30 22:51:48 get_results response: 
2026-07-30 22:51:48 get_results res_str: 
2026-07-30 22:51:48 RETURN: {"status":"ok","items":"","authorized":"OK","search_str":"OC90","res_res":null,"msg":"","reqid":"8deee745d5f885"}
2026-07-30 22:52:00 === search_sort1 called ===
2026-07-30 22:52:00 request: {}
2026-07-30 22:52:00 SESSION user_id=66 main_company=231
2026-07-30 22:52:00 skey=d2caf3cd34ea5a93348150d9d3a30b71 mainhost=192.168.39.13
2026-07-30 22:52:00 new_search=1 config_values count=4
2026-07-30 22:52:00 newsearch response: 
2026-07-30 22:52:00 res_str: 
2026-07-30 22:52:00 RETURN: {"status":"ok","items":"","plugins_started":[{"plugin_id":"3","name":"mikado-parts.ru","icon":"\/images\/icons\/mikado_parts_ru.ico"},{"plugin_id":"5","name":"adeo.pro","icon":"\/images\/icons\/adeo-pro_ru.ico"},{"plugin_id":"7","name":"autoeuro.ru","icon":"\/images\/icons\/autoeuro_ru.ico"},{"plugin_id":"14","name":"abstd.ru","icon":"\/images\/icons\/abs-auto_ru.ico"}],"authorized":"OK","search_str":"OC90","res_res":null,"msg":"","reqid":"8deee7465eb2cc"}
2026-07-30 22:52:03 === search_sort1 called ===
2026-07-30 22:52:03 request: {}
2026-07-30 22:52:03 SESSION user_id=66 main_company=231
2026-07-30 22:52:03 skey=d2caf3cd34ea5a93348150d9d3a30b71 mainhost=192.168.39.13
2026-07-30 22:52:03 get_results response: 
2026-07-30 22:52:03 get_results res_str: 
2026-07-30 22:52:03 RETURN: {"status":"ok","items":"","authorized":"OK","search_str":"OC90","res_res":null,"msg":"","reqid":"8deee7465eb2cc"}
2026-07-30 22:52:07 === search_sort1 called ===
2026-07-30 22:52:07 request: {}
2026-07-30 22:52:07 SESSION user_id=66 main_company=231
2026-07-30 22:52:07 skey=d2caf3cd34ea5a93348150d9d3a30b71 mainhost=192.168.39.13
2026-07-30 22:52:07 get_results response: 
2026-07-30 22:52:07 get_results res_str: 
2026-07-30 22:52:07 RETURN: {"status":"ok","items":"","authorized":"OK","search_str":"OC90","res_res":null,"msg":"","reqid":"8deee7465eb2cc"}
2026-07-30 22:52:10 === search_sort1 called ===
2026-07-30 22:52:10 request: {}
2026-07-30 22:52:10 SESSION user_id=66 main_company=231
2026-07-30 22:52:10 skey=d2caf3cd34ea5a93348150d9d3a30b71 mainhost=192.168.39.13
2026-07-30 22:52:10 get_results response: 
2026-07-30 22:52:10 get_results res_str: 
2026-07-30 22:52:10 RETURN: {"status":"ok","items":"","authorized":"OK","search_str":"OC90","res_res":null,"msg":"","reqid":"8deee7465eb2cc"}
2026-07-30 22:52:13 === search_sort1 called ===
2026-07-30 22:52:13 request: {}
2026-07-30 22:52:13 SESSION user_id=66 main_company=231
2026-07-30 22:52:13 skey=d2caf3cd34ea5a93348150d9d3a30b71 mainhost=192.168.39.13
2026-07-30 22:52:13 get_results response: 
2026-07-30 22:52:13 get_results res_str: 
2026-07-30 22:52:13 RETURN: {"status":"ok","items":"","authorized":"OK","search_str":"OC90","res_res":null,"msg":"","reqid":"8deee7465eb2cc"}
2026-07-30 22:52:17 === search_sort1 called ===
2026-07-30 22:52:17 request: {}
2026-07-30 22:52:17 SESSION user_id=66 main_company=231
2026-07-30 22:52:17 skey=d2caf3cd34ea5a93348150d9d3a30b71 mainhost=192.168.39.13
2026-07-30 22:52:17 get_results response: 
2026-07-30 22:52:17 get_results res_str: 
2026-07-30 22:52:17 RETURN: {"status":"ok","items":"","authorized":"OK","search_str":"OC90","res_res":null,"msg":"","reqid":"8deee7465eb2cc"}
2026-07-30 22:52:20 === search_sort1 called ===
2026-07-30 22:52:20 request: {}
2026-07-30 22:52:20 SESSION user_id=66 main_company=231
2026-07-30 22:52:20 skey=d2caf3cd34ea5a93348150d9d3a30b71 mainhost=192.168.39.13
2026-07-30 22:52:20 get_results response: 
2026-07-30 22:52:20 get_results res_str: 
2026-07-30 22:52:20 RETURN: {"status":"ok","items":"","authorized":"OK","search_str":"OC90","res_res":null,"msg":"","reqid":"8deee7465eb2cc"}
2026-07-30 22:52:23 === search_sort1 called ===
2026-07-30 22:52:23 request: {}
2026-07-30 22:52:23 SESSION user_id=66 main_company=231
2026-07-30 22:52:24 skey=d2caf3cd34ea5a93348150d9d3a30b71 mainhost=192.168.39.13
2026-07-30 22:52:24 get_results response: 
2026-07-30 22:52:24 get_results res_str: 
2026-07-30 22:52:24 RETURN: {"status":"ok","items":"","authorized":"OK","search_str":"OC90","res_res":null,"msg":"","reqid":"8deee7465eb2cc"}
2026-07-30 22:52:27 === search_sort1 called ===
2026-07-30 22:52:27 request: {}
2026-07-30 22:52:27 SESSION user_id=66 main_company=231
2026-07-30 22:52:27 skey=d2caf3cd34ea5a93348150d9d3a30b71 mainhost=192.168.39.13
2026-07-30 22:52:27 get_results response: 
2026-07-30 22:52:27 get_results res_str: 
2026-07-30 22:52:27 RETURN: {"status":"ok","items":"","authorized":"OK","search_str":"OC90","res_res":null,"msg":"","reqid":"8deee7465eb2cc"}
2026-07-30 22:52:30 === search_sort1 called ===
2026-07-30 22:52:30 request: {}
2026-07-30 22:52:30 SESSION user_id=66 main_company=231
2026-07-30 22:52:30 skey=d2caf3cd34ea5a93348150d9d3a30b71 mainhost=192.168.39.13
2026-07-30 22:52:30 get_results response: 
2026-07-30 22:52:30 get_results res_str: 
2026-07-30 22:52:30 RETURN: {"status":"ok","items":"","authorized":"OK","search_str":"OC90","res_res":null,"msg":"","reqid":"8deee7465eb2cc"}
2026-07-30 22:52:34 === search_sort1 called ===
2026-07-30 22:52:34 request: {}
2026-07-30 22:52:34 SESSION user_id=66 main_company=231
2026-07-30 22:52:34 skey=d2caf3cd34ea5a93348150d9d3a30b71 mainhost=192.168.39.13
2026-07-30 22:52:34 get_results response: 
2026-07-30 22:52:34 get_results res_str: 
2026-07-30 22:52:34 RETURN: {"status":"ok","items":"","authorized":"OK","search_str":"OC90","res_res":null,"msg":"","reqid":"8deee7465eb2cc"}
2026-07-30 22:52:37 === search_sort1 called ===
2026-07-30 22:52:37 request: {}
2026-07-30 22:52:37 SESSION user_id=66 main_company=231
2026-07-30 22:52:37 skey=d2caf3cd34ea5a93348150d9d3a30b71 mainhost=192.168.39.13
2026-07-30 22:52:37 get_results response: 
2026-07-30 22:52:37 get_results res_str: 
2026-07-30 22:52:37 RETURN: {"status":"ok","items":"","authorized":"OK","search_str":"OC90","res_res":null,"msg":"","reqid":"8deee7465eb2cc"}
2026-07-30 22:52:40 === search_sort1 called ===
2026-07-30 22:52:40 request: {}
2026-07-30 22:52:40 SESSION user_id=66 main_company=231
2026-07-30 22:52:40 skey=d2caf3cd34ea5a93348150d9d3a30b71 mainhost=192.168.39.13
2026-07-30 22:52:40 get_results response: 
2026-07-30 22:52:40 get_results res_str: 
2026-07-30 22:52:40 RETURN: {"status":"ok","items":"","authorized":"OK","search_str":"OC90","res_res":null,"msg":"","reqid":"8deee7465eb2cc"}
2026-07-30 22:52:44 === search_sort1 called ===
2026-07-30 22:52:44 request: {}
2026-07-30 22:52:44 SESSION user_id=66 main_company=231
2026-07-30 22:52:44 skey=d2caf3cd34ea5a93348150d9d3a30b71 mainhost=192.168.39.13
2026-07-30 22:52:44 get_results response: 
2026-07-30 22:52:44 get_results res_str: 
2026-07-30 22:52:44 RETURN: {"status":"ok","items":"","authorized":"OK","search_str":"OC90","res_res":null,"msg":"","reqid":"8deee7465eb2cc"}
2026-07-30 22:52:47 === search_sort1 called ===
2026-07-30 22:52:47 request: {}
2026-07-30 22:52:47 SESSION user_id=66 main_company=231
2026-07-30 22:52:47 skey=d2caf3cd34ea5a93348150d9d3a30b71 mainhost=192.168.39.13
2026-07-30 22:52:47 get_results response: 
2026-07-30 22:52:47 get_results res_str: 
2026-07-30 22:52:47 RETURN: {"status":"ok","items":"","authorized":"OK","search_str":"OC90","res_res":null,"msg":"","reqid":"8deee7465eb2cc"}
2026-07-30 22:52:50 === search_sort1 called ===
2026-07-30 22:52:50 request: {}
2026-07-30 22:52:50 SESSION user_id=66 main_company=231
2026-07-30 22:52:51 skey=d2caf3cd34ea5a93348150d9d3a30b71 mainhost=192.168.39.13
2026-07-30 22:52:51 get_results response: 
2026-07-30 22:52:51 get_results res_str: 
2026-07-30 22:52:51 RETURN: {"status":"ok","items":"","authorized":"OK","search_str":"OC90","res_res":null,"msg":"","reqid":"8deee7465eb2cc"}
2026-07-30 22:52:54 === search_sort1 called ===
2026-07-30 22:52:54 request: {}
2026-07-30 22:52:54 SESSION user_id=66 main_company=231
2026-07-30 22:52:54 skey=d2caf3cd34ea5a93348150d9d3a30b71 mainhost=192.168.39.13
2026-07-30 22:52:54 get_results response: 
2026-07-30 22:52:54 get_results res_str: 
2026-07-30 22:52:54 RETURN: {"status":"ok","items":"","authorized":"OK","search_str":"OC90","res_res":null,"msg":"","reqid":"8deee7465eb2cc"}
2026-07-30 22:52:57 === search_sort1 called ===
2026-07-30 22:52:57 request: {}
2026-07-30 22:52:57 SESSION user_id=66 main_company=231
2026-07-30 22:52:57 skey=d2caf3cd34ea5a93348150d9d3a30b71 mainhost=192.168.39.13
2026-07-30 22:52:57 get_results response: 
2026-07-30 22:52:57 get_results res_str: 
2026-07-30 22:52:57 RETURN: {"status":"ok","items":"","authorized":"OK","search_str":"OC90","res_res":null,"msg":"","reqid":"8deee7465eb2cc"}
2026-07-30 22:53:01 === search_sort1 called ===
2026-07-30 22:53:01 request: {}
2026-07-30 22:53:01 SESSION user_id=66 main_company=231
2026-07-30 22:53:01 skey=d2caf3cd34ea5a93348150d9d3a30b71 mainhost=192.168.39.13
2026-07-30 22:53:01 get_results response: 
2026-07-30 22:53:01 get_results res_str: 
2026-07-30 22:53:01 RETURN: {"status":"ok","items":"","authorized":"OK","search_str":"OC90","res_res":null,"msg":"","reqid":"8deee7465eb2cc"}
2026-07-30 22:53:04 === search_sort1 called ===
2026-07-30 22:53:04 request: {}
2026-07-30 22:53:04 SESSION user_id=66 main_company=231
2026-07-30 22:53:04 skey=d2caf3cd34ea5a93348150d9d3a30b71 mainhost=192.168.39.13
2026-07-30 22:53:04 get_results response: 
2026-07-30 22:53:04 get_results res_str: 
2026-07-30 22:53:04 RETURN: {"status":"ok","items":"","authorized":"OK","search_str":"OC90","res_res":null,"msg":"","reqid":"8deee7465eb2cc"}
2026-07-30 22:53:07 === search_sort1 called ===
2026-07-30 22:53:07 request: {}
2026-07-30 22:53:07 SESSION user_id=66 main_company=231
2026-07-30 22:53:08 skey=d2caf3cd34ea5a93348150d9d3a30b71 mainhost=192.168.39.13
2026-07-30 22:53:08 get_results response: 
2026-07-30 22:53:08 get_results res_str: 
2026-07-30 22:53:08 RETURN: {"status":"ok","items":"","authorized":"OK","search_str":"OC90","res_res":null,"msg":"","reqid":"8deee7465eb2cc"}
2026-07-30 22:53:11 === search_sort1 called ===
2026-07-30 22:53:11 request: {}
2026-07-30 22:53:11 SESSION user_id=66 main_company=231
2026-07-30 22:53:11 skey=d2caf3cd34ea5a93348150d9d3a30b71 mainhost=192.168.39.13
2026-07-30 22:53:11 get_results response: 
2026-07-30 22:53:11 get_results res_str: 
2026-07-30 22:53:11 RETURN: {"status":"ok","items":"","authorized":"OK","search_str":"OC90","res_res":null,"msg":"","reqid":"8deee7465eb2cc"}
2026-07-30 22:53:14 === search_sort1 called ===
2026-07-30 22:53:14 request: {}
2026-07-30 22:53:14 SESSION user_id=66 main_company=231
2026-07-30 22:53:14 skey=d2caf3cd34ea5a93348150d9d3a30b71 mainhost=192.168.39.13
2026-07-30 22:53:14 get_results response: 
2026-07-30 22:53:14 get_results res_str: 
2026-07-30 22:53:14 RETURN: {"status":"ok","items":"","authorized":"OK","search_str":"OC90","res_res":null,"msg":"","reqid":"8deee7465eb2cc"}
2026-07-30 22:53:18 === search_sort1 called ===
2026-07-30 22:53:18 request: {}
2026-07-30 22:53:18 SESSION user_id=66 main_company=231
2026-07-30 22:53:18 skey=d2caf3cd34ea5a93348150d9d3a30b71 mainhost=192.168.39.13
2026-07-30 22:53:18 get_results response: 
2026-07-30 22:53:18 get_results res_str: 
2026-07-30 22:53:18 RETURN: {"status":"ok","items":"","authorized":"OK","search_str":"OC90","res_res":null,"msg":"","reqid":"8deee7465eb2cc"}
2026-07-30 22:53:21 === search_sort1 called ===
2026-07-30 22:53:21 request: {}
2026-07-30 22:53:21 SESSION user_id=66 main_company=231
2026-07-30 22:53:21 skey=d2caf3cd34ea5a93348150d9d3a30b71 mainhost=192.168.39.13
2026-07-30 22:53:21 get_results response: 
2026-07-30 22:53:21 get_results res_str: 
2026-07-30 22:53:21 RETURN: {"status":"ok","items":"","authorized":"OK","search_str":"OC90","res_res":null,"msg":"","reqid":"8deee7465eb2cc"}
2026-07-30 22:53:24 === search_sort1 called ===
2026-07-30 22:53:24 request: {}
2026-07-30 22:53:24 SESSION user_id=66 main_company=231
2026-07-30 22:53:24 skey=d2caf3cd34ea5a93348150d9d3a30b71 mainhost=192.168.39.13
2026-07-30 22:53:25 get_results response: 
2026-07-30 22:53:25 get_results res_str: 
2026-07-30 22:53:25 RETURN: {"status":"ok","items":"","authorized":"OK","search_str":"OC90","res_res":null,"msg":"","reqid":"8deee7465eb2cc"}
2026-07-30 22:53:28 === search_sort1 called ===
2026-07-30 22:53:28 request: {}
2026-07-30 22:53:28 SESSION user_id=66 main_company=231
2026-07-30 22:53:28 skey=d2caf3cd34ea5a93348150d9d3a30b71 mainhost=192.168.39.13
2026-07-30 22:53:28 get_results response: 
2026-07-30 22:53:28 get_results res_str: 
2026-07-30 22:53:28 RETURN: {"status":"ok","items":"","authorized":"OK","search_str":"OC90","res_res":null,"msg":"","reqid":"8deee7465eb2cc"}
2026-07-30 22:53:32 === search_sort1 called ===
2026-07-30 22:53:32 request: {}
2026-07-30 22:53:32 SESSION user_id=66 main_company=231
2026-07-30 22:53:32 skey=d2caf3cd34ea5a93348150d9d3a30b71 mainhost=192.168.39.13
2026-07-30 22:53:32 get_results response: 
2026-07-30 22:53:32 get_results res_str: 
2026-07-30 22:53:32 RETURN: {"status":"ok","items":"","authorized":"OK","search_str":"OC90","res_res":null,"msg":"","reqid":"8deee7465eb2cc"}
2026-07-30 22:53:35 === search_sort1 called ===
2026-07-30 22:53:35 request: {}
2026-07-30 22:53:35 SESSION user_id=66 main_company=231
2026-07-30 22:53:35 skey=d2caf3cd34ea5a93348150d9d3a30b71 mainhost=192.168.39.13
2026-07-30 22:53:35 get_results response: 
2026-07-30 22:53:35 get_results res_str: 
2026-07-30 22:53:35 RETURN: {"status":"ok","items":"","authorized":"OK","search_str":"OC90","res_res":null,"msg":"","reqid":"8deee7465eb2cc"}
2026-07-30 22:53:38 === search_sort1 called ===
2026-07-30 22:53:38 request: {}
2026-07-30 22:53:38 SESSION user_id=66 main_company=231
2026-07-30 22:53:38 skey=d2caf3cd34ea5a93348150d9d3a30b71 mainhost=192.168.39.13
2026-07-30 22:53:38 get_results response: 
2026-07-30 22:53:38 get_results res_str: 
2026-07-30 22:53:38 RETURN: {"status":"ok","items":"","authorized":"OK","search_str":"OC90","res_res":null,"msg":"","reqid":"8deee7465eb2cc"}
2026-07-30 22:53:42 === search_sort1 called ===
2026-07-30 22:53:42 request: {}
2026-07-30 22:53:42 SESSION user_id=66 main_company=231
2026-07-30 22:53:42 skey=d2caf3cd34ea5a93348150d9d3a30b71 mainhost=192.168.39.13
2026-07-30 22:53:42 get_results response: 
2026-07-30 22:53:42 get_results res_str: 
2026-07-30 22:53:42 RETURN: {"status":"ok","items":"","authorized":"OK","search_str":"OC90","res_res":null,"msg":"","reqid":"8deee7465eb2cc"}
2026-07-30 22:53:45 === search_sort1 called ===
2026-07-30 22:53:45 request: {}
2026-07-30 22:53:45 SESSION user_id=66 main_company=231
2026-07-30 22:53:45 skey=d2caf3cd34ea5a93348150d9d3a30b71 mainhost=192.168.39.13
2026-07-30 22:53:45 get_results response: 
2026-07-30 22:53:45 get_results res_str: 
2026-07-30 22:53:45 RETURN: {"status":"ok","items":"","authorized":"OK","search_str":"OC90","res_res":null,"msg":"","reqid":"8deee7465eb2cc"}
2026-07-30 22:53:48 === search_sort1 called ===
2026-07-30 22:53:48 request: {}
2026-07-30 22:53:48 SESSION user_id=66 main_company=231
2026-07-30 22:53:49 skey=d2caf3cd34ea5a93348150d9d3a30b71 mainhost=192.168.39.13
2026-07-30 22:53:49 get_results response: 
2026-07-30 22:53:49 get_results res_str: 
2026-07-30 22:53:49 RETURN: {"status":"ok","items":"","authorized":"OK","search_str":"OC90","res_res":null,"msg":"","reqid":"8deee7465eb2cc"}
2026-07-30 22:53:52 === search_sort1 called ===
2026-07-30 22:53:52 request: {}
2026-07-30 22:53:52 SESSION user_id=66 main_company=231
2026-07-30 22:53:52 skey=d2caf3cd34ea5a93348150d9d3a30b71 mainhost=192.168.39.13
2026-07-30 22:53:52 get_results response: 
2026-07-30 22:53:52 get_results res_str: 
2026-07-30 22:53:52 RETURN: {"status":"ok","items":"","authorized":"OK","search_str":"OC90","res_res":null,"msg":"","reqid":"8deee7465eb2cc"}
2026-07-30 22:53:55 === search_sort1 called ===
2026-07-30 22:53:55 request: {}
2026-07-30 22:53:55 SESSION user_id=66 main_company=231
2026-07-30 22:53:55 skey=d2caf3cd34ea5a93348150d9d3a30b71 mainhost=192.168.39.13
2026-07-30 22:53:55 get_results response: 
2026-07-30 22:53:55 get_results res_str: 
2026-07-30 22:53:55 RETURN: {"status":"ok","items":"","authorized":"OK","search_str":"OC90","res_res":null,"msg":"","reqid":"8deee7465eb2cc"}
2026-07-30 22:53:59 === search_sort1 called ===
2026-07-30 22:53:59 request: {}
2026-07-30 22:53:59 SESSION user_id=66 main_company=231
2026-07-30 22:53:59 skey=d2caf3cd34ea5a93348150d9d3a30b71 mainhost=192.168.39.13
2026-07-30 22:53:59 get_results response: 
2026-07-30 22:53:59 get_results res_str: 
2026-07-30 22:53:59 RETURN: {"status":"ok","items":"","authorized":"OK","search_str":"OC90","res_res":null,"msg":"","reqid":"8deee7465eb2cc"}
2026-07-30 22:54:02 === search_sort1 called ===
2026-07-30 22:54:02 request: {}
2026-07-30 22:54:02 SESSION user_id=66 main_company=231
2026-07-30 22:54:02 skey=d2caf3cd34ea5a93348150d9d3a30b71 mainhost=192.168.39.13
2026-07-30 22:54:02 get_results response: 
2026-07-30 22:54:02 get_results res_str: 
2026-07-30 22:54:02 RETURN: {"status":"ok","items":"","authorized":"OK","search_str":"OC90","res_res":null,"msg":"","reqid":"8deee7465eb2cc"}
2026-07-30 22:54:05 === search_sort1 called ===
2026-07-30 22:54:05 request: {}
2026-07-30 22:54:05 SESSION user_id=66 main_company=231
2026-07-30 22:54:05 skey=d2caf3cd34ea5a93348150d9d3a30b71 mainhost=192.168.39.13
2026-07-30 22:54:06 get_results response: 
2026-07-30 22:54:06 get_results res_str: 
2026-07-30 22:54:06 RETURN: {"status":"ok","items":"","authorized":"OK","search_str":"OC90","res_res":null,"msg":"","reqid":"8deee7465eb2cc"}
2026-07-30 22:54:09 === search_sort1 called ===
2026-07-30 22:54:09 request: {}
2026-07-30 22:54:09 SESSION user_id=66 main_company=231
2026-07-30 22:54:09 skey=d2caf3cd34ea5a93348150d9d3a30b71 mainhost=192.168.39.13
2026-07-30 22:54:09 get_results response: 
2026-07-30 22:54:09 get_results res_str: 
2026-07-30 22:54:09 RETURN: {"status":"ok","items":"","authorized":"OK","search_str":"OC90","res_res":null,"msg":"","reqid":"8deee7465eb2cc"}
2026-07-30 22:54:12 === search_sort1 called ===
2026-07-30 22:54:12 request: {}
2026-07-30 22:54:12 SESSION user_id=66 main_company=231
2026-07-30 22:54:12 skey=d2caf3cd34ea5a93348150d9d3a30b71 mainhost=192.168.39.13
2026-07-30 22:54:12 get_results response: 
2026-07-30 22:54:12 get_results res_str: 
2026-07-30 22:54:12 RETURN: {"status":"ok","items":"","authorized":"OK","search_str":"OC90","res_res":null,"msg":"","reqid":"8deee7465eb2cc"}
2026-07-30 22:54:16 === search_sort1 called ===
2026-07-30 22:54:16 request: {}
2026-07-30 22:54:16 SESSION user_id=66 main_company=231
2026-07-30 22:54:16 skey=d2caf3cd34ea5a93348150d9d3a30b71 mainhost=192.168.39.13
2026-07-30 22:54:16 get_results response: 
2026-07-30 22:54:16 get_results res_str: 
2026-07-30 22:54:16 RETURN: {"status":"ok","items":"","authorized":"OK","search_str":"OC90","res_res":null,"msg":"","reqid":"8deee7465eb2cc"}
2026-07-31 09:24:05 === search_sort1 called ===
2026-07-31 09:24:05 request: {}
2026-07-31 09:24:05 SESSION user_id=66 main_company=231
2026-07-31 09:24:05 skey=d2caf3cd34ea5a93348150d9d3a30b71 mainhost=192.168.39.13
2026-07-31 09:24:05 new_search=1 config_values count=4
2026-07-31 09:24:05 newsearch response: {"8deeecc9ccb879":{"3":{"status":4,"errors":" \u0412\u044b \u043d\u0435 \u0430\u0432\u0442\u043e\u0440\u0438\u0437\u043e\u0432\u0430\u043d\u044b, \u043f\u043e\u043f\u0440\u043e\u0431\u0443\u0439\u0442\u0435 \u043f\u0435\u0440\u0435\u0437\u0430\u043f\u0443\u0441\u0442\u0438\u0442\u044c \u043f\u0440\u043e\u0433\u0440\u0430\u043c\u043c\u0443;"},"5":{"status":4,"errors":" \u0412\u044b \u043d\u0435 \u0430\u0432\u0442\u043e\u0440\u0438\u0437\u043e\u0432\u0430\u043d\u044b, \u043f\u043e\u043f\u0440\u043e\u0431\u0443\u0439\u0442\u0435 \u043f\u0435\u0440\u0435\u0437\u0430\u043f\u0443\u0441\u0442\u0438\u0442\u044c \u043f\u0440\u043e\u0433\u0440\u0430\u043c\u043c\u0443;"},"7":{"status":4,"errors":" \u0412\u044b \u043d\u0435 \u0430\u0432\u0442\u043e\u0440\u0438\u0437\u043e\u0432\u0430\u043d\u044b, \u043f\u043e\u043f\u0440\u043e\u0431\u0443\u0439\u0442\u0435 \u043f\u0435\u0440\u0435\u0437\u0430\u043f\u0443\u0441\u0442\u0438\u0442\u044c \u043f\u0440\u043e\u0433\u0440\u0430\u043c\u043c\u0443;"},"14":{"status":4,"errors":" \u0412\u044b \u043d\u0435 \u0430\u0432\u0442\u043e\u0440\u0438\u0437\u043e\u0432\u0430\u043d\u044b, \u043f\u043e\u043f\u0440\u043e\u0431\u0443\u0439\u0442\u0435 \u043f\u0435\u0440\u0435\u0437\u0430\u043f\u0443\u0441\u0442\u0438\u0442\u044c \u043f\u0440\u043e\u0433\u0440\u0430\u043c\u043c\u0443;"}}}
2026-07-31 09:24:05 res_str: stdClass Object
(
    [8deeecc9ccb879] => stdClass Object
        (
            [3] => stdClass Object
                (
                    [status] => 4
                    [errors] =>  Вы не авторизованы, попробуйте перезапустить программу;
                )

            [5] => stdClass Object
                (
                    [status] => 4
                    [errors] =>  Вы не авторизованы, попробуйте перезапустить программу;
                )

            [7] => stdClass Object
                (
                    [status] => 4
                    [errors] =>  Вы не авторизованы, попробуйте перезапустить программу;
                )

            [14] => stdClass Object
                (
                    [status] => 4
                    [errors] =>  Вы не авторизованы, попробуйте перезапустить программу;
                )

        )

)

2026-07-31 09:24:05 RETURN: {"status":"ok","items":"","plugins_started":[{"plugin_id":"3","name":"mikado-parts.ru","icon":"\/images\/icons\/mikado_parts_ru.ico"},{"plugin_id":"5","name":"adeo.pro","icon":"\/images\/icons\/adeo-pro_ru.ico"},{"plugin_id":"7","name":"autoeuro.ru","icon":"\/images\/icons\/autoeuro_ru.ico"},{"plugin_id":"14","name":"abstd.ru","icon":"\/images\/icons\/abs-auto_ru.ico"}],"authorized":"OK","search_str":"OC90","res_res":{"8deeecc9ccb879":{"3":{"status":4,"errors":" Вы не авторизованы, попробуйте перезапустить программу;"},"5":{"status":4,"errors":" Вы не авторизованы, попробуйте перезапустить программу;"},"7":{"status":4,"errors":" Вы не авторизованы, попробуйте перезапустить программу;"},"14":{"status":4,"errors":" Вы не авторизованы, попробуйте перезапустить программу;"}}},"msg":"","reqid":"8deeecc9ccb879"}
2026-07-31 09:24:08 === search_sort1 called ===
2026-07-31 09:24:08 request: {}
2026-07-31 09:24:08 SESSION user_id=66 main_company=231
2026-07-31 09:24:08 skey=d2caf3cd34ea5a93348150d9d3a30b71 mainhost=192.168.39.13
2026-07-31 09:24:08 get_results response: {"8deeecc9ccb879":{"end_search":1}}
2026-07-31 09:24:08 get_results res_str: stdClass Object
(
    [8deeecc9ccb879] => stdClass Object
        (
            [end_search] => 1
        )

)

2026-07-31 09:24:09 end_search==1 -> searchstatus=end
2026-07-31 09:24:09 RETURN: {"status":"ok","items":"","authorized":"OK","search_str":"OC90","res_res":{"8deeecc9ccb879":{"end_search":1}},"msg":"","reqid":"8deeecc9ccb879","searchstatus":"end"}
2026-07-31 09:33:47 === search_sort1 called ===
2026-07-31 09:33:47 request: {}
2026-07-31 09:33:47 SESSION user_id=66 main_company=231
2026-07-31 09:33:47 skey= mainhost=
2026-07-31 09:33:47 skey or mainhost EMPTY -> returning end
2026-07-31 09:34:09 === search_sort1 called ===
2026-07-31 09:34:09 request: {}
2026-07-31 09:34:09 SESSION user_id=66 main_company=231
2026-07-31 09:34:09 skey= mainhost=
2026-07-31 09:34:09 skey or mainhost EMPTY -> returning end
2026-07-31 09:48:19 === search_sort1 called ===
2026-07-31 09:48:19 request: {}
2026-07-31 09:48:19 SESSION user_id=66 main_company=231
2026-07-31 09:48:19 skey=e3d24476cde892e481036bd8f40fc161 mainhost=192.168.39.13
2026-07-31 09:48:19 new_search=1 config_values count=4
2026-07-31 09:48:19 newsearch response: {"8deeed019bf11b":{"3":{"status":1,"errors":""},"5":{"status":1,"errors":""},"7":{"status":1,"errors":""},"14":{"status":1,"errors":""}}}
2026-07-31 09:48:19 res_str: stdClass Object
(
    [8deeed019bf11b] => stdClass Object
        (
            [3] => stdClass Object
                (
                    [status] => 1
                    [errors] => 
                )

            [5] => stdClass Object
                (
                    [status] => 1
                    [errors] => 
                )

            [7] => stdClass Object
                (
                    [status] => 1
                    [errors] => 
                )

            [14] => stdClass Object
                (
                    [status] => 1
                    [errors] => 
                )

        )

)

2026-07-31 09:48:19 RETURN: {"status":"ok","items":"","plugins_started":[{"plugin_id":"3","name":"mikado-parts.ru","icon":"\/images\/icons\/mikado_parts_ru.ico"},{"plugin_id":"5","name":"adeo.pro","icon":"\/images\/icons\/adeo-pro_ru.ico"},{"plugin_id":"7","name":"autoeuro.ru","icon":"\/images\/icons\/autoeuro_ru.ico"},{"plugin_id":"14","name":"abstd.ru","icon":"\/images\/icons\/abs-auto_ru.ico"}],"authorized":"OK","search_str":"OC90","res_res":{"8deeed019bf11b":{"3":{"status":1,"errors":""},"5":{"status":1,"errors":""},"7":{"status":1,"errors":""},"14":{"status":1,"errors":""}}},"msg":"","reqid":"8deeed019bf11b"}
2026-07-31 09:48:22 === search_sort1 called ===
2026-07-31 09:48:22 request: {}
2026-07-31 09:48:22 SESSION user_id=66 main_company=231
2026-07-31 09:48:22 skey=e3d24476cde892e481036bd8f40fc161 mainhost=192.168.39.13
2026-07-31 09:48:23 get_results response: {"8deeed019bf11b":{"14":{"result":null,"status":5,"searchstring":"OC90","brands":"KNECHTMAHLE","AccountId":"0","errors":""},"5":{"result":[{"brand":"KNECHT","article":"OC90","name":"OC90 \u0424\u0438\u043b\u044c\u0442\u0440 \u043c\u0430\u0441\u043b\u044f\u043d\u044b\u0439 MAHLE \u0420\u043e\u0441\u0441\u0438\u044f","cost":"292.84","count":"101","time":"2 \u0434.","stock":"Cella915\/3","city":"\u0421\u043c\u043e\u043b\u0435\u043d\u0441\u043a","warning":"\u0412\u043e\u0437\u0432\u0440\u0430\u0442 \u0431\u0435\u0437 \u0443\u0446\u0435\u043d\u043a\u0438","multiplicity":"1","chance":88,"id":"21|OC90|34|26781|3||292.84|3350771769^^^OC90 \u0424\u0438\u043b\u044c\u0442\u0440 \u043c\u0430\u0441\u043b\u044f\u043d\u044b\u0439 MAHLE \u0420\u043e\u0441\u0441\u0438\u044f^^^292.84"},{"brand":"KNECHT","article":"OC90","name":"\u0424\u0438\u043b\u044c\u0442\u0440 \u043c\u0430\u0441\u043b\u044f\u043d\u044b\u0439","cost":"330","count":"1","time":"4 \u0434.","stock":"Cella1487\/1","city":"\u0422\u043e\u043b\u044c\u044f\u0442\u0442\u0438","warning":"\u0412\u043e\u0437\u0432\u0440\u0430\u0442 \u043d\u0435\u0432\u043e\u0437\u043c\u043e\u0436\u0435\u043d","return":false,"multiplicity":"1","chance":89,"id":"21|OC90|N_00004488|81607|1||330|679070959^^^\u0424\u0438\u043b\u044c\u0442\u0440 \u043c\u0430\u0441\u043b\u044f\u043d\u044b\u0439^^^330"},{"brand":"KNECHT","article":"OC90","name":"\u0424\u0438\u043b\u044c\u0442\u0440 \u043c\u0430\u0441\u043b\u044f\u043d\u044b\u0439 OPEL\/GM\/DAEWOO","cost":"331.1","count":"7","time":"4 \u0434.","stock":"Cella1487\/2","city":"\u0422\u043e\u043b\u044c\u044f\u0442\u0442\u0438","warning":"\u0412\u043e\u0437\u0432\u0440\u0430\u0442 \u043d\u0435\u0432\u043e\u0437\u043c\u043e\u0436\u0435\u043d","return":false,"multiplicity":"1","chance":93,"id":"21|OC90|N_00004488|81607|2||331.1|3749265404^^^\u0424\u0438\u043b\u044c\u0442\u0440 \u043c\u0430\u0441\u043b\u044f\u043d\u044b\u0439 OPEL\/GM\/DAEWOO^^^331.1"},{"brand":"KNECHT","article":"OC90","name":"\u0444\u0438\u043b\u044c\u0442\u0440 \u043c\u0430\u0441\u043b\u044f\u043d\u044b\u0439","cost":"339.25","count":"35","time":"1 \u0434.","stock":"Cella327\/2","city":"\u041c\u043e\u0441\u043a\u0432\u0430","warning":[],"multiplicity":"1","chance":78,"id":"21|OC90|N_00004488|2795|2||339.25|2242304064^^^\u0444\u0438\u043b\u044c\u0442\u0440 \u043c\u0430\u0441\u043b\u044f\u043d\u044b\u0439^^^339.25"},{"brand":"KNECHT","article":"OC90","name":"OC90 \u0424\u0438\u043b\u044c\u0442\u0440 \u043c\u0430\u0441\u043b\u044f\u043d\u044b\u0439 MAHLE \u0420\u043e\u0441\u0441\u0438\u044f","cost":"372.67","count":"10","time":"3 \u0434.","stock":"Cella915\/2","city":"\u0421\u043c\u043e\u043b\u0435\u043d\u0441\u043a","warning":"\u0412\u043e\u0437\u0432\u0440\u0430\u0442 \u0431\u0435\u0437 \u0443\u0446\u0435\u043d\u043a\u0438","multiplicity":"1","chance":81,"id":"21|OC90|34|26781|2||372.67|2737159562^^^OC90 \u0424\u0438\u043b\u044c\u0442\u0440 \u043c\u0430\u0441\u043b\u044f\u043d\u044b\u0439 MAHLE \u0420\u043e\u0441\u0441\u0438\u044f^^^372.67"},{"brand":"KNECHT","article":"OC90","name":"\u0444\u0438\u043b\u044c\u0442\u0440 \u043c\u0430\u0441\u043b\u044f\u043d\u044b\u0439 Opel Ascona\/Astra\/Omega\/Kadett\/Vectra 1.3-3.0i 85>","cost":"599.82","count":"1150","time":"54 \u0434.","stock":"EU033\/1","city":"\u0417\u0430\u0433\u0440\u0430\u043d.","warning":"\u041e\u0442\u043c\u0435\u043d\u0430 \u0437\u0430\u043a\u0430\u0437\u0430 \u043f\u043e\u0441\u043b\u0435 \u043e\u0442\u043f\u0440\u0430\u0432\u043a\u0438 \u043f\u043e\u0441\u0442\u0430\u0432\u0449\u0438\u043a\u0443 \u043d\u0435\u0432\u043e\u0437\u043c\u043e\u0436\u043d\u0430\n            \u0412\u043e\u0437\u0432\u0440\u0430\u0442 \u043d\u0435\u0432\u043e\u0437\u043c\u043e\u0436\u0435\u043d","return":false,"multiplicity":"1","chance":33,"id":"21|OC90|34|81751|1||599.82|1447318539^^^\u0444\u0438\u043b\u044c\u0442\u0440 \u043c\u0430\u0441\u043b\u044f\u043d\u044b\u0439 Opel Ascona\/Astra\/Omega\/Kadett\/Vectra 1.3-3.0i 85>^^^599.82"},{"brand":"MAHLE","article":"OC90","name":"\u0424\u0438\u043b\u044c\u0442\u0440 \u043c\u0430\u0441\u043b\u044f\u043d\u044b\u0439","cost":"267.3","count":"500","time":"2 \u0434.","stock":"Cella1169\/2","city":"\u041c\u043e\u0441\u043a\u0432\u0430","warning":"\u0412\u043e\u0437\u0432\u0440\u0430\u0442 \u0431\u0435\u0437 \u0443\u0446\u0435\u043d\u043a\u0438","pp":"\u041e\u0444\u0438\u0446\u0438\u0430\u043b\u044c\u043d\u044b\u0439 \u0434\u0438\u0441\u0442\u0440\u0438\u0431\u044c\u044e\u0442\u043e\u0440","multiplicity":"1","chance":88,"id":"21|OC90|N_00004479|47367|2||267.3|2913511943^^^\u0424\u0438\u043b\u044c\u0442\u0440 \u043c\u0430\u0441\u043b\u044f\u043d\u044b\u0439^^^267.3"},{"brand":"MAHLE","article":"OC90","name":"\u0424\u0438\u043b\u044c\u0442\u0440 \u043c\u0430\u0441\u043b\u044f\u043d\u044b\u0439","cost":"283.34","count":"462","time":"1 \u0434.","stock":"Cella1336\/1","city":"\u041c\u043e\u0441\u043a\u0432\u0430","warning":"\u0412\u043e\u0437\u0432\u0440\u0430\u0442 \u0431\u0435\u0437 \u0443\u0446\u0435\u043d\u043a\u0438","multiplicity":"1","chance":83,"id":"21|OC90|N_00004479|66356|1||283.34|3879300629^^^\u0424\u0438\u043b\u044c\u0442\u0440 \u043c\u0430\u0441\u043b\u044f\u043d\u044b\u0439^^^283.34"},{"brand":"MAHLE","article":"OC90","name":"\u0424\u0438\u043b\u044c\u0442\u0440 \u043c\u0430\u0441\u043b\u044f\u043d\u044b\u0439 CHEVROLET: AVEO \u0445\u0435\u0447\u0431\u044d\u043a 08-, AVEO \u0441\u0435\u0434\u0430\u043d 06-, CAPTIVA 06-, EVANDA 05-, KALOS 05-, KALOS \u0441\u0435\u0434\u0430\u043d 05-, LACETTI 05-, NUBIRA \u0441\u0435\u0434\u0430\u043d 05-, NUBIRA \u0443\u043d\u0438\u0432\u0435\u0440\u0441\u0430\u043b","cost":"293.54","count":">50","time":"\u0412 \u043d\u0430\u043b\u0438\u0447\u0438\u0438","stock":"Cella456\/1","city":"\u041c\u043e\u0441\u043a\u0432\u0430","warning":"\u041e\u0442\u043c\u0435\u043d\u0430 \u0437\u0430\u043a\u0430\u0437\u0430 \u043f\u043e\u0441\u043b\u0435 \u043e\u0442\u043f\u0440\u0430\u0432\u043a\u0438 \u043f\u043e\u0441\u0442\u0430\u0432\u0449\u0438\u043a\u0443 \u043d\u0435\u0432\u043e\u0437\u043c\u043e\u0436\u043d\u0430\n            \u0412\u043e\u0437\u0432\u0440\u0430\u0442 \u0431\u0435\u0437 \u0443\u0446\u0435\u043d\u043a\u0438","pp":"\u041e\u0444\u0438\u0446\u0438\u0430\u043b\u044c\u043d\u044b\u0439 \u0434\u0438\u0441\u0442\u0440\u0438\u0431\u044c\u044e\u0442\u043e\u0440","multiplicity":"1","chance":95,"id":"21|OC90|N_00000002|5989|1||293.54|2496347706^^^\u0424\u0438\u043b\u044c\u0442\u0440 \u043c\u0430\u0441\u043b\u044f\u043d\u044b\u0439 CHEVROLET: AVEO \u0445\u0435\u0447\u0431\u044d\u043a 08-, AVEO \u0441\u0435\u0434\u0430\u043d 06-, CAPTIVA 06-, EVANDA 05-, KALOS 05-, KALOS \u0441\u0435\u0434\u0430\u043d 05-, LACETTI 05-, NUBIRA \u0441\u0435\u0434\u0430\u043d 05-, NUBIRA \u0443\u043d\u0438\u0432\u0435\u0440\u0441\u0430\u043b^^^293.54"},{"brand":"MAHLE","article":"OC90","name":"\u041c\u0430\u0441\u043b\u044f\u043d\u043d\u044b\u0439 \u0444\u0438\u043b\u044c\u0442\u0440","cost":"295.03","count":"25","time":"\u0412 \u043d\u0430\u043b\u0438\u0447\u0438\u0438","stock":"Cella139\/1","city":"\u0421\u043c\u043e\u043b\u0435\u043d\u0441\u043a","warning":"\u0412\u043e\u0437\u0432\u0440\u0430\u0442 \u0431\u0435\u0437 \u0443\u0446\u0435\u043d\u043a\u0438","multiplicity":"1","chance":94,"id":"21|OC90|N_00000002|81812|1||295.03|1710383927^^^\u041c\u0430\u0441\u043b\u044f\u043d\u043d\u044b\u0439 \u0444\u0438\u043b\u044c\u0442\u0440^^^295.03"},{"brand":"MAHLE","article":"OC90","name":"\u0424\u0438\u043b\u044c\u0442\u0440 \u043c\u0430\u0441\u043b\u044f\u043d\u044b\u0439","cost":"295.03","count":"4","time":"3 \u0434.","stock":"Cella139\/2","city":"\u0421\u043c\u043e\u043b\u0435\u043d\u0441\u043a","warning":"\u0412\u043e\u0437\u0432\u0440\u0430\u0442 \u0431\u0435\u0437 \u0443\u0446\u0435\u043d\u043a\u0438","multiplicity":"1","chance":81,"id":"21|OC90|N_00000002|81812|2||295.03|1551851506^^^\u0424\u0438\u043b\u044c\u0442\u0440 \u043c\u0430\u0441\u043b\u044f\u043d\u044b\u0439^^^295.03"},{"brand":"MAHLE","article":"OC90","name":"\u0424\u0438\u043b\u044c\u0442\u0440 \u043c\u0430\u0441\u043b\u044f\u043d\u044b\u0439","cost":"306.67","count":"1","time":"3 \u0434.","stock":"Cella139\/4","city":"\u0421\u043c\u043e\u043b\u0435\u043d\u0441\u043a","warning":"\u0412\u043e\u0437\u0432\u0440\u0430\u0442 \u0431\u0435\u0437 \u0443\u0446\u0435\u043d\u043a\u0438","multiplicity":"1","chance":89,"id":"21|OC90|N_00000002|81812|4||306.67|2863356893^^^\u0424\u0438\u043b\u044c\u0442\u0440 \u043c\u0430\u0441\u043b\u044f\u043d\u044b\u0439^^^306.67"},{"brand":"MAHLE","article":"OC90","name":"\u0424\u0438\u043b\u044c\u0442\u0440 \u043c\u0430\u0441\u043b\u044f\u043d\u044b\u0439","cost":"306.67","count":"100","time":"\u0412 \u043d\u0430\u043b\u0438\u0447\u0438\u0438","stock":"Cella055\/1","city":"\u041c\u043e\u0441\u043a\u0432\u0430","warning":"\u0412\u043e\u0437\u0432\u0440\u0430\u0442 \u0431\u0435\u0437 \u0443\u0446\u0435\u043d\u043a\u0438","pp":"\u041e\u0444\u0438\u0446\u0438\u0430\u043b\u044c\u043d\u044b\u0439 \u0434\u0438\u0441\u0442\u0440\u0438\u0431\u044c\u044e\u0442\u043e\u0440","multiplicity":"1","chance":88,"id":"21|OC90|N_00000002|64|1||306.67|855862953^^^\u0424\u0438\u043b\u044c\u0442\u0440 \u043c\u0430\u0441\u043b\u044f\u043d\u044b\u0439^^^306.67"},{"brand":"MAHLE","article":"OC90","name":"\u0424\u0438\u043b\u044c\u0442\u0440 \u043c\u0430\u0441\u043b\u044f\u043d\u044b\u0439 Chevrolet Aveo 1.4 06>, Captiva 2.4 06>, Cruze 1.6 09>, Lacetti 1.4-1.8 05>, Lanos 1.4-1.6 05>, Rezzo 1.6-2.0 05> \/ Daewoo Espero 1.5-2.0, Leganza 2.0 97>, Nexia 1.5 95> \/ Opel Astra F\/G 1.4-2.0 >04","cost":"323.18","count":"100","time":"2 \u0434.","stock":"Cella1725\/1","city":"\u0420\u043e\u0441\u0442\u043e\u0432-\u043d\u0430-\u0414\u043e\u043d\u0443","warning":"\u0412\u043e\u0437\u0432\u0440\u0430\u0442 \u0431\u0435\u0437 \u0443\u0446\u0435\u043d\u043a\u0438","multiplicity":"1","chance":91,"id":"21|OC90|N_00000002|82009|1|AS000015361|323.18|3576077823^^^\u0424\u0438\u043b\u044c\u0442\u0440 \u043c\u0430\u0441\u043b\u044f\u043d\u044b\u0439 Chevrolet Aveo 1.4 06>, Captiva 2.4 06>, Cruze 1.6 09>, Lacetti 1.4-1.8 05>, Lanos 1.4-1.6 05>, Rezzo 1.6-2.0 05> \/ Daewoo Espero 1.5-2.0, Leganza 2.0 97>, Nexia 1.5 95> \/ Opel Astra F\/G 1.4-2.0 >04^^^323.18"},{"brand":"MAHLE","article":"OC90","name":"\u0424\u0438\u043b\u044c\u0442\u0440 \u043c\u0430\u0441\u043b\u044f\u043d\u044b\u0439 CHEVROLET: AVEO \u0445\u0435\u0447\u0431\u044d\u043a 08-, AVEO \u0441\u0435\u0434\u0430\u043d 06-, CAPTIVA 06-, EVANDA 05-, KALOS 05-, KALOS \u0441\u0435\u0434\u0430\u043d 05-, LACETTI 05-, NUBIRA \u0441\u0435\u0434\u0430\u043d 05-, NUBIRA","cost":"328.01","count":"300","time":"3 \u0434.","stock":"Cella1185\/1","city":"\u041c\u0438\u043d\u0441\u043a","warning":"\u0412\u043e\u0437\u0432\u0440\u0430\u0442 \u0431\u0435\u0437 \u0443\u0446\u0435\u043d\u043a\u0438","multiplicity":"1","chance":85,"id":"21|OC90|10223|48749|1||328.01|3821733900^^^\u0424\u0438\u043b\u044c\u0442\u0440 \u043c\u0430\u0441\u043b\u044f\u043d\u044b\u0439 CHEVROLET: AVEO \u0445\u0435\u0447\u0431\u044d\u043a 08-, AVEO \u0441\u0435\u0434\u0430\u043d 06-, CAPTIVA 06-, EVANDA 05-, KALOS 05-, KALOS \u0441\u0435\u0434\u0430\u043d 05-, LACETTI 05-, NUBIRA \u0441\u0435\u0434\u0430\u043d 05-, NUBIRA^^^328.01"},{"brand":"MAHLE","article":"OC90","name":"\u0424\u0438\u043b\u044c\u0442\u0440 \u043c\u0430\u0441\u043b\u044f\u043d\u044b\u0439","cost":"328.14","count":"1","time":"2 \u0434.","stock":"Cella2005\/2","city":"\u0421\u0430\u043d\u043a\u0442-\u041f\u0435\u0442\u0435\u0440\u0431\u0443\u0440\u0433","warning":"\u0412\u043e\u0437\u0432\u0440\u0430\u0442 \u043d\u0435\u0432\u043e\u0437\u043c\u043e\u0436\u0435\u043d","return":false,"multiplicity":"1","chance":86,"id":"21|OC90|N_00000002|82425|2||328.14|764975658^^^\u0424\u0438\u043b\u044c\u0442\u0440 \u043c\u0430\u0441\u043b\u044f\u043d\u044b\u0439^^^328.14"},{"brand":"MAHLE","article":"OC90","name":"\u0424\u0438\u043b\u044c\u0442\u0440 \u043c\u0430\u0441\u043b\u044f\u043d\u044b\u0439 OC90","cost":"330","count":"4","time":"1 \u0434.","stock":"Cella1507\/1","city":"\u041c\u043e\u0441\u043a\u0432\u0430","warning":"\u0412\u043e\u0437\u0432\u0440\u0430\u0442 \u0431\u0435\u0437 \u0443\u0446\u0435\u043d\u043a\u0438","multiplicity":"1","chance":97,"id":"21|OC90|N_00000002|81637|1||330|2876476798^^^\u0424\u0438\u043b\u044c\u0442\u0440 \u043c\u0430\u0441\u043b\u044f\u043d\u044b\u0439 OC90^^^330"},{"brand":"MAHLE","article":"OC90","name":"\u0424\u0438\u043b\u044c\u0442\u0440 \u043c\u0430\u0441\u043b\u044f\u043d\u044b\u0439","cost":"330.67","count":"1","time":"2 \u0434.","stock":"Cella1160\/2","city":"\u041c\u0438\u043d\u0441\u043a","warning":"\u0412\u043e\u0437\u0432\u0440\u0430\u0442 \u0431\u0435\u0437 \u0443\u0446\u0435\u043d\u043a\u0438 \u0412\u041d\u0418\u041c\u0410\u041d\u0418\u0415!!! \u0417\u0430\u044f\u0432\u043a\u0438 \u043d\u0430 \u0432\u043e\u0437\u0432\u0440\u0430\u0442 \u043f\u043e \u043f\u0440\u0438\u0447\u0438\u043d\u0435 \u043e\u0442\u043a\u0430\u0437\u0430 \u043a\u043b\u0438\u0435\u043d\u0442\u0430 \u043f\u0440\u0438\u043d\u0438\u043c\u0430\u044e\u0442\u0441\u044f \u0432 \u0442\u0435\u0447\u0435\u043d\u0438\u0435 7 \u0434\u043d\u0435\u0439 \u0441 \u043c\u043e\u043c\u0435\u043d\u0442\u0430 \u043f\u0440\u0438\u0445\u043e\u0434\u0430 \u0442\u043e\u0432\u0430\u0440\u0430 \u043d\u0430 \u0441\u043a\u043b\u0430\u0434 \u0410\u0434\u0435\u043e.\u043f\u0440\u043e.","multiplicity":"1","chance":87,"id":"21|OC90|10223|45751|2||330.67|188213844^^^\u0424\u0438\u043b\u044c\u0442\u0440 \u043c\u0430\u0441\u043b\u044f\u043d\u044b\u0439^^^330.67"},{"brand":"MAHLE","article":"OC90","name":"\u0424\u0438\u043b\u044c\u0442\u0440 \u043c\u0430\u0441\u043b\u044f\u043d\u044b\u0439","cost":"331.1","count":"100","time":"6 \u0434.","stock":"Cella1037\/2","city":"\u0422\u043e\u043b\u044c\u044f\u0442\u0442\u0438","warning":"\u0412\u043e\u0437\u0432\u0440\u0430\u0442 \u0431\u0435\u0437 \u0443\u0446\u0435\u043d\u043a\u0438","multiplicity":"1","chance":78,"id":"21|OC90|N_00000002|33421|2||331.1|3107440917^^^\u0424\u0438\u043b\u044c\u0442\u0440 \u043c\u0430\u0441\u043b\u044f\u043d\u044b\u0439^^^331.1"},{"brand":"MAHLE","article":"OC90","name":"\u0424\u0438\u043b\u044c\u0442\u0440 \u043c\u0430\u0441\u043b\u044f\u043d\u044b\u0439","cost":"334.16","count":"14","time":"2 \u0434.","stock":"Cella089\/1","city":"\u041c\u043e\u0441\u043a\u0432\u0430","warning":"\u041e\u0442\u043c\u0435\u043d\u0430 \u0437\u0430\u043a\u0430\u0437\u0430 \u043f\u043e\u0441\u043b\u0435 \u043e\u0442\u043f\u0440\u0430\u0432\u043a\u0438 \u043f\u043e\u0441\u0442\u0430\u0432\u0449\u0438\u043a\u0443 \u043d\u0435\u0432\u043e\u0437\u043c\u043e\u0436\u043d\u0430\n            \u0412\u043e\u0437\u0432\u0440\u0430\u0442 \u0431\u0435\u0437 \u0443\u0446\u0435\u043d\u043a\u0438","pp":"\u041e\u0444\u0438\u0446\u0438\u0430\u043b\u044c\u043d\u044b\u0439 \u0434\u0438\u0441\u0442\u0440\u0438\u0431\u044c\u044e\u0442\u043e\u0440","multiplicity":"1","chance":72,"id":"21|OC90|N_00000002|97|1||334.16|228230099^^^\u0424\u0438\u043b\u044c\u0442\u0440 \u043c\u0430\u0441\u043b\u044f\u043d\u044b\u0439^^^334.16"},{"brand":"MAHLE","article":"OC90","name":"\u0424\u0438\u043b\u044c\u0442\u0440 \u043c\u0430\u0441\u043b\u044f\u043d\u044b\u0439","cost":"334.16","count":"400","time":"2 \u0434.","stock":"Cella089\/2","city":"\u0421\u0430\u043d\u043a\u0442-\u041f\u0435\u0442\u0435\u0440\u0431\u0443\u0440\u0433","warning":"\u041e\u0442\u043c\u0435\u043d\u0430 \u0437\u0430\u043a\u0430\u0437\u0430 \u043f\u043e\u0441\u043b\u0435 \u043e\u0442\u043f\u0440\u0430\u0432\u043a\u0438 \u043f\u043e\u0441\u0442\u0430\u0432\u0449\u0438\u043a\u0443 \u043d\u0435\u0432\u043e\u0437\u043c\u043e\u0436\u043d\u0430\n            \u0412\u043e\u0437\u0432\u0440\u0430\u0442 \u0431\u0435\u0437 \u0443\u0446\u0435\u043d\u043a\u0438","pp":"\u041e\u0444\u0438\u0446\u0438\u0430\u043b\u044c\u043d\u044b\u0439 \u0434\u0438\u0441\u0442\u0440\u0438\u0431\u044c\u044e\u0442\u043e\u0440","multiplicity":"1","chance":79,"id":"21|OC90|N_00000002|97|2||334.16|873971478^^^\u0424\u0438\u043b\u044c\u0442\u0440 \u043c\u0430\u0441\u043b\u044f\u043d\u044b\u0439^^^334.16"},{"brand":"MAHLE","article":"OC90","name":"\u0424\u0438\u043b\u044c\u0442\u0440 \u043c\u0430\u0441\u043b\u044f\u043d\u044b\u0439","cost":"339.61","count":"50","time":"1 \u0434.","stock":"Cella049\/1","city":"\u041c\u043e\u0441\u043a\u0432\u0430","warning":"\u0412\u043e\u0437\u0432\u0440\u0430\u0442 \u0431\u0435\u0437 \u0443\u0446\u0435\u043d\u043a\u0438","multiplicity":"1","chance":87,"id":"21|OC90|N_00000002|58|1||339.61|3089621293^^^\u0424\u0438\u043b\u044c\u0442\u0440 \u043c\u0430\u0441\u043b\u044f\u043d\u044b\u0439^^^339.61"},{"brand":"MAHLE","article":"OC90","name":"\u0424\u0438\u043b\u044c\u0442\u0440 \u043c\u0430\u0441\u043b\u044f\u043d\u044b\u0439 Daewoo Espero, Lanos,Leganza, Nexia, Nubira Opel Astra, Corsa, Vectra","cost":"352","count":"500","time":"3 \u0434.","stock":"Cella1169\/1","city":"\u041c\u0438\u043d\u0441\u043a","warning":"\u0412\u043e\u0437\u0432\u0440\u0430\u0442 \u0431\u0435\u0437 \u0443\u0446\u0435\u043d\u043a\u0438","pp":"\u041e\u0444\u0438\u0446\u0438\u0430\u043b\u044c\u043d\u044b\u0439 \u0434\u0438\u0441\u0442\u0440\u0438\u0431\u044c\u044e\u0442\u043e\u0440","multiplicity":"1","chance":82,"id":"21|OC90|N_00004479|47367|1||352|556146082^^^\u0424\u0438\u043b\u044c\u0442\u0440 \u043c\u0430\u0441\u043b\u044f\u043d\u044b\u0439 Daewoo Espero, Lanos,Leganza, Nexia, Nubira Opel Astra, Corsa, Vectra^^^352"},{"brand":"MAHLE","article":"OC90","name":"\u0424\u0438\u043b\u044c\u0442\u0440 \u043c\u0430\u0441\u043b\u044f\u043d\u044b\u0439","cost":"353.1","count":"1","time":"6 \u0434.","stock":"Cella1449\/1","city":"\u041d\u043e\u0432\u043e\u0441\u0438\u0431\u0438\u0440\u0441\u043a","warning":"\u0412\u043e\u0437\u0432\u0440\u0430\u0442 \u0431\u0435\u0437 \u0443\u0446\u0435\u043d\u043a\u0438","multiplicity":"1","chance":80,"id":"21|OC90|N_00000002|80867|1||353.1|1533565987^^^\u0424\u0438\u043b\u044c\u0442\u0440 \u043c\u0430\u0441\u043b\u044f\u043d\u044b\u0439^^^353.1"},{"brand":"MAHLE","article":"OC90","name":"\u041c\u0430\u0441\u043b\u044f\u043d\u044b\u0439 \u0444\u0438\u043b\u044c\u0442\u0440 MAHLE ORIGINAL OC 90 (MAHLE) G102 OPEL","cost":"362.61","count":"100","time":"1 \u0434.","stock":"Cella178\/1","city":"\u041c\u0438\u043d\u0441\u043a","warning":"\u0412\u043e\u0437\u0432\u0440\u0430\u0442 \u0431\u0435\u0437 \u0443\u0446\u0435\u043d\u043a\u0438","multiplicity":"1","chance":94,"id":"21|OC90|10223|516|1|01438299|362.61|3034928750^^^\u041c\u0430\u0441\u043b\u044f\u043d\u044b\u0439 \u0444\u0438\u043b\u044c\u0442\u0440 MAHLE ORIGINAL OC 90 (MAHLE) G102 OPEL^^^362.61"},{"brand":"MAHLE","article":"OC90","name":"\u0424\u0438\u043b\u044c\u0442\u0440 \u043c\u0430\u0441\u043b\u044f\u043d\u044b\u0439","cost":"362.65","count":"20","time":"3 \u0434.","stock":"Cella611\/3","city":"\u041c\u0438\u043d\u0441\u043a","warning":"\u0426\u0421\n            \u041e\u0442\u043c\u0435\u043d\u0430 \u0437\u0430\u043a\u0430\u0437\u0430 \u043f\u043e\u0441\u043b\u0435 \u043e\u0442\u043f\u0440\u0430\u0432\u043a\u0438 \u043f\u043e\u0441\u0442\u0430\u0432\u0449\u0438\u043a\u0443 \u043d\u0435\u0432\u043e\u0437\u043c\u043e\u0436\u043d\u0430\n            \u0412\u043e\u0437\u0432\u0440\u0430\u0442 \u043d\u0435\u0432\u043e\u0437\u043c\u043e\u0436\u0435\u043d","return":false,"pp":" \u0426\u0435\u043d\u0442\u0440\u0430\u043b\u044c\u043d\u044b\u0439 \u0441\u043a\u043b\u0430\u0434","multiplicity":"1","chance":72,"id":"21|OC90|N_00004479|13787|3||362.65|2404736302^^^\u0424\u0438\u043b\u044c\u0442\u0440 \u043c\u0430\u0441\u043b\u044f\u043d\u044b\u0439^^^362.65"},{"brand":"MAHLE","article":"OC90","name":"\u0424\u0438\u043b\u044c\u0442\u0440 \u043c\u0430\u0441\u043b\u044f\u043d\u044b\u0439","cost":"363","count":"1","time":"9 \u0434.","stock":"Cella1696\/1","city":"\u0415\u043a\u0430\u0442\u0435\u0440\u0438\u043d\u0431\u0443\u0440\u0433","warning":"\u0412\u043e\u0437\u0432\u0440\u0430\u0442 \u0431\u0435\u0437 \u0443\u0446\u0435\u043d\u043a\u0438","multiplicity":"1","chance":84,"id":"21|OC90|N_00004479|81959|1||363|2878752523^^^\u0424\u0438\u043b\u044c\u0442\u0440 \u043c\u0430\u0441\u043b\u044f\u043d\u044b\u0439^^^363"},{"brand":"MAHLE","article":"OC90","name":"\u0424\u0438\u043b\u044c\u0442\u0440 \u043c\u0430\u0441\u043b\u044f\u043d\u044b\u0439   90","cost":"365.2","count":"60","time":"9 \u0434.","stock":"Cella1332\/3","city":"\u041d\u043e\u0432\u043e\u0441\u0438\u0431\u0438\u0440\u0441\u043a","warning":"\u0412\u043e\u0437\u0432\u0440\u0430\u0442 \u0431\u0435\u0437 \u0443\u0446\u0435\u043d\u043a\u0438","multiplicity":"1","chance":77,"id":"21|OC90|N_00000002|66065|3||365.2|4294702374^^^\u0424\u0438\u043b\u044c\u0442\u0440 \u043c\u0430\u0441\u043b\u044f\u043d\u044b\u0439   90^^^365.2"},{"brand":"MAHLE","article":"OC90","name":"\u0424\u0438\u043b\u044c\u0442\u0440 \u043c\u0430\u0441\u043b\u044f\u043d\u044b\u0439","cost":"366.1","count":"10","time":"2 \u0434.","stock":"Cella1160\/1","city":"\u041c\u0438\u043d\u0441\u043a","warning":"\u0412\u043e\u0437\u0432\u0440\u0430\u0442 \u0431\u0435\u0437 \u0443\u0446\u0435\u043d\u043a\u0438","multiplicity":"1","chance":88,"id":"21|OC90|10223|45751|1||366.1|3236371230^^^\u0424\u0438\u043b\u044c\u0442\u0440 \u043c\u0430\u0441\u043b\u044f\u043d\u044b\u0439^^^366.1"},{"brand":"MAHLE","article":"OC90","name":"\u0424\u0438\u043b\u044c\u0442\u0440 \u043c\u0430\u0441\u043b\u044f\u043d\u044b\u0439","cost":"371.66","count":"10","time":"4 \u0434.","stock":"Cella1465\/26","city":"\u0421\u0438\u043c\u0444\u0435\u0440\u043e\u043f\u043e\u043b\u044c","warning":"\u0412\u043e\u0437\u0432\u0440\u0430\u0442 \u0431\u0435\u0437 \u0443\u0446\u0435\u043d\u043a\u0438 \u041a \u0432\u043e\u0437\u0432\u0440\u0430\u0442\u0443 \u043d\u0435 \u043f\u043e\u0434\u043b\u0435\u0436\u0430\u0442 \u044d\u043b\u0435\u043a\u0442\u0440\u0438\u0447\u0435\u0441\u043a\u0438\u0435 \u0447\u0430\u0441\u0442\u0438 \u0438 \u0442\u0435\u0445. \u0436\u0438\u0434\u043a\u043e\u0441\u0442\u0438, \u0432 \u0442\u043e\u043c \u0447\u0438\u0441\u043b\u0435 \u0438 \u043c\u0430\u0441\u043b\u0430.","multiplicity":"1","chance":71,"id":"21|OC90|N_00000002|81571|26||371.66|3383763264^^^\u0424\u0438\u043b\u044c\u0442\u0440 \u043c\u0430\u0441\u043b\u044f\u043d\u044b\u0439^^^371.66"},{"brand":"MAHLE","article":"OC90","name":"\u0424\u0438\u043b\u044c\u0442\u0440 \u043c\u0430\u0441\u043b\u044f\u043d\u044b\u0439 Daewoo Espero, Lanos,Leganza, Nexia, Nubira Opel Astra, Corsa, Vectra","cost":"374.38","count":"2","time":"4 \u0434.","stock":"Cella2168\/2","city":"\u041c\u043e\u0441\u043a\u0432\u0430","warning":"\u0412\u043e\u0437\u0432\u0440\u0430\u0442 \u043d\u0435\u0432\u043e\u0437\u043c\u043e\u0436\u0435\u043d","return":false,"multiplicity":"1","chance":44,"id":"21|OC90|10223|82604|2||374.38|2286367716^^^\u0424\u0438\u043b\u044c\u0442\u0440 \u043c\u0430\u0441\u043b\u044f\u043d\u044b\u0439 Daewoo Espero, Lanos,Leganza, Nexia, Nubira Opel Astra, Corsa, Vectra^^^374.38"},{"brand":"MAHLE","article":"OC90","name":"\u0424\u0438\u043b\u044c\u0442\u0440 \u043c\u0430\u0441\u043b\u044f\u043d\u044b\u0439 MAHLE OC 90","cost":"385","count":"60","time":"10 \u0434.","stock":"Cella1679\/1","city":"\u041a\u0440\u0430\u0441\u043d\u043e\u044f\u0440\u0441\u043a","warning":"\u0412\u043e\u0437\u0432\u0440\u0430\u0442 \u0431\u0435\u0437 \u0443\u0446\u0435\u043d\u043a\u0438","multiplicity":"1","chance":56,"id":"21|OC90|N_00004741|81931|1||385|2003135794^^^\u0424\u0438\u043b\u044c\u0442\u0440 \u043c\u0430\u0441\u043b\u044f\u043d\u044b\u0439 MAHLE OC 90^^^385"},{"brand":"MAHLE","article":"OC90","name":"\u0424\u0438\u043b\u044c\u0442\u0440 \u043c\u0430\u0441\u043b\u044f\u043d\u044b\u0439 CHEVROLET LACETTI\/CAPTIVA","cost":"398.2","count":">100","time":"1 \u0434.","stock":"Cella952\/1","city":"\u0421\u0430\u043d\u043a\u0442-\u041f\u0435\u0442\u0435\u0440\u0431\u0443\u0440\u0433","warning":"\u0412\u043e\u0437\u0432\u0440\u0430\u0442 \u0431\u0435\u0437 \u0443\u0446\u0435\u043d\u043a\u0438","pp":"\u041e\u0444\u0438\u0446\u0438\u0430\u043b\u044c\u043d\u044b\u0439 \u0434\u0438\u0441\u0442\u0440\u0438\u0431\u044c\u044e\u0442\u043e\u0440","multiplicity":"1","chance":94,"id":"21|OC90|N_00004741|28926|1||398.2|2599326814^^^\u0424\u0438\u043b\u044c\u0442\u0440 \u043c\u0430\u0441\u043b\u044f\u043d\u044b\u0439 CHEVROLET LACETTI\/CAPTIVA^^^398.2"},{"brand":"MAHLE","article":"OC90","name":"\u0424\u0438\u043b\u044c\u0442\u0440 \u043c\u0430\u0441\u043b\u044f\u043d\u044b\u0439 CHEVROLET LACETTI\/CAPTIVA","cost":"403.7","count":"1","time":"\u0412 \u043d\u0430\u043b\u0438\u0447\u0438\u0438","stock":"Cella1934\/1","city":"\u041c\u043e\u0441\u043a\u0432\u0430","warning":"\u0412\u043e\u0437\u0432\u0440\u0430\u0442 \u0431\u0435\u0437 \u0443\u0446\u0435\u043d\u043a\u0438","multiplicity":"1","chance":92,"id":"21|OC90|N_00004741|82348|1||403.7|3722097286^^^\u0424\u0438\u043b\u044c\u0442\u0440 \u043c\u0430\u0441\u043b\u044f\u043d\u044b\u0439 CHEVROLET LACETTI\/CAPTIVA^^^403.7"},{"brand":"MAHLE","article":"OC90","name":"\u0424\u0438\u043b\u044c\u0442\u0440 \u043c\u0430\u0441\u043b\u044f\u043d\u044b\u0439","cost":"417.87","count":"1","time":"6 \u0434.","stock":"Cella1465\/13","city":"\u0424\u0435\u043e\u0434\u043e\u0441\u0438\u044f","warning":"\u0412\u043e\u0437\u0432\u0440\u0430\u0442 \u0431\u0435\u0437 \u0443\u0446\u0435\u043d\u043a\u0438","multiplicity":"1","chance":93,"id":"21|OC90|10223|81571|13||417.87|1784197783^^^\u0424\u0438\u043b\u044c\u0442\u0440 \u043c\u0430\u0441\u043b\u044f\u043d\u044b\u0439^^^417.87"},{"brand":"MAHLE","article":"OC90","name":"\u0424\u0438\u043b\u044c\u0442\u0440 \u043c\u0430\u0441\u043b\u044f\u043d\u044b\u0439","cost":"451","count":"4","time":"2 \u0434.","stock":"Cella1720\/1","city":"\u041f\u0441\u043a\u043e\u0432","warning":"\u0412\u043e\u0437\u0432\u0440\u0430\u0442 \u0431\u0435\u0437 \u0443\u0446\u0435\u043d\u043a\u0438","pp":"\u041e\u0444\u0438\u0446\u0438\u0430\u043b\u044c\u043d\u044b\u0439 \u0434\u0438\u0441\u0442\u0440\u0438\u0431\u044c\u044e\u0442\u043e\u0440","multiplicity":"1","chance":91,"id":"21|OC90|N_00000002|82001|1||451|3833540591^^^\u0424\u0438\u043b\u044c\u0442\u0440 \u043c\u0430\u0441\u043b\u044f\u043d\u044b\u0439^^^451"},{"brand":"MAHLE","article":"OC90","name":"\u0424\u0438\u043b\u044c\u0442\u0440 \u043c\u0430\u0441\u043b\u044f\u043d\u044b\u0439 OPEL\/GM\/DAEWOO MAHLE OC90","cost":"466.4","count":"2","time":"2 \u0434.","stock":"Cella2060\/1","city":"\u042f\u0440\u043e\u0441\u043b\u0430\u0432\u043b\u044c","warning":"\u0412\u043e\u0437\u0432\u0440\u0430\u0442 \u0431\u0435\u0437 \u0443\u0446\u0435\u043d\u043a\u0438","multiplicity":"1","chance":91,"id":"21|OC90|N_00000002|82485|1||466.4|3196656200^^^\u0424\u0438\u043b\u044c\u0442\u0440 \u043c\u0430\u0441\u043b\u044f\u043d\u044b\u0439 OPEL\/GM\/DAEWOO MAHLE OC90^^^466.4"},{"brand":"MAHLE","article":"OC90","name":"\u0424\u0438\u043b\u044c\u0442\u0440 \u043c\u0430\u0441\u043b\u044f\u043d\u044b\u0439 Daewoo Nexia 1995-2016\/Opel Frontera B 1998-2004","cost":"502.74","count":"2","time":"10 \u0434.","stock":"Cella1278\/3","city":"\u041c\u043e\u0441\u043a\u0432\u0430","warning":"\u041e\u0442\u043c\u0435\u043d\u0430 \u0437\u0430\u043a\u0430\u0437\u0430 \u043f\u043e\u0441\u043b\u0435 \u043e\u0442\u043f\u0440\u0430\u0432\u043a\u0438 \u043f\u043e\u0441\u0442\u0430\u0432\u0449\u0438\u043a\u0443 \u043d\u0435\u0432\u043e\u0437\u043c\u043e\u0436\u043d\u0430\n            \u0412\u043e\u0437\u0432\u0440\u0430\u0442 \u0431\u0435\u0437 \u0443\u0446\u0435\u043d\u043a\u0438","multiplicity":"1","chance":37,"id":"21|OC90|N_00000002|58863|3||502.74|4037908902^^^\u0424\u0438\u043b\u044c\u0442\u0440 \u043c\u0430\u0441\u043b\u044f\u043d\u044b\u0439 Daewoo Nexia 1995-2016\/Opel Frontera B 1998-2004^^^502.74"},{"brand":"MAHLE","article":"OC90","name":"\u0424\u0438\u043b\u044c\u0442\u0440 \u043c\u0430\u0441\u043b\u044f\u043d\u044b\u0439 DAEWOO Nexia CHEVROLET Lanos MAHLE","cost":"558.27","count":"15","time":"1 \u0434.","stock":"Cella499\/3","city":"\u041c\u043e\u0441\u043a\u0432\u0430","warning":"\u0412\u043e\u0437\u0432\u0440\u0430\u0442 \u0431\u0435\u0437 \u0443\u0446\u0435\u043d\u043a\u0438","multiplicity":"1","chance":95,"id":"21|OC90|N_00000002|8181|3|400443|558.27|3585406818^^^\u0424\u0438\u043b\u044c\u0442\u0440 \u043c\u0430\u0441\u043b\u044f\u043d\u044b\u0439 DAEWOO Nexia CHEVROLET Lanos MAHLE^^^558.27"},{"brand":"MAHLE","article":"OC90","name":"\u0424\u0438\u043b\u044c\u0442\u0440 \u043c\u0430\u0441\u043b\u044f\u043d\u044b\u0439 DAEWOO Nexia CHEVROLET Lanos MAHLE","cost":"558.27","count":"2","time":"1 \u0434.","stock":"Cella396\/1","city":"\u041c\u043e\u0441\u043a\u0432\u0430","warning":"\u0412\u043e\u0437\u0432\u0440\u0430\u0442 \u0431\u0435\u0437 \u0443\u0446\u0435\u043d\u043a\u0438","multiplicity":"1","chance":90,"id":"21|OC90|N_00000002|3934|1|400443|558.27|1335386092^^^\u0424\u0438\u043b\u044c\u0442\u0440 \u043c\u0430\u0441\u043b\u044f\u043d\u044b\u0439 DAEWOO Nexia CHEVROLET Lanos MAHLE^^^558.27"},{"brand":"MAHLE","article":"OC90","name":"\u0424\u0438\u043b\u044c\u0442\u0440 \u043c\u0430\u0441\u043b\u044f\u043d\u044b\u0439 DAEWOO Nexia CHEVROLET Lanos MAHLE","cost":"561.06","count":"6","time":"1 \u0434.","stock":"Cella751\/1","city":"\u041c\u043e\u0441\u043a\u0432\u0430","warning":"\u0412\u043e\u0437\u0432\u0440\u0430\u0442 \u0431\u0435\u0437 \u0443\u0446\u0435\u043d\u043a\u0438","pp":"\u041e\u0444\u0438\u0446\u0438\u0430\u043b\u044c\u043d\u044b\u0439 \u0434\u0438\u0441\u0442\u0440\u0438\u0431\u044c\u044e\u0442\u043e\u0440","multiplicity":"1","chance":54,"id":"21|OC90|N_00000002|19330|1||561.06|320484898^^^\u0424\u0438\u043b\u044c\u0442\u0440 \u043c\u0430\u0441\u043b\u044f\u043d\u044b\u0439 DAEWOO Nexia CHEVROLET Lanos MAHLE^^^561.06"},{"brand":"MAHLE","article":"OC90","name":"\u0424\u0438\u043b\u044c\u0442\u0440 \u043c\u0430\u0441\u043b.OPEL 1.3-2.5L 85=> \/DAEWOO ESPERO,NEXIA 1.5-2.0L","cost":"584.64","count":"512","time":"2 \u0434.","stock":"Cella1467\/1","city":"\u0421\u0430\u043d\u043a\u0442-\u041f\u0435\u0442\u0435\u0440\u0431\u0443\u0440\u0433","warning":"\u0412\u043e\u0437\u0432\u0440\u0430\u0442 \u0431\u0435\u0437 \u0443\u0446\u0435\u043d\u043a\u0438","multiplicity":"1","chance":80,"id":"21|OC90|N_00004479|81575|1||584.64|1193150375^^^\u0424\u0438\u043b\u044c\u0442\u0440 \u043c\u0430\u0441\u043b.OPEL 1.3-2.5L 85=> \/DAEWOO ESPERO,NEXIA 1.5-2.0L^^^584.64"},{"brand":"MAHLE","article":"OC90","name":"\u0424\u0438\u043b\u044c\u0442\u0440 \u043c\u0430\u0441\u043b\u044f\u043d\u044b\u0438 KNECHT OC90","cost":"729.3","count":"1000","time":"60 \u0434.","stock":"China001\/1","city":"\u0417\u0430\u0433\u0440\u0430\u043d.","warning":"\u041e\u0442\u043c\u0435\u043d\u0430 \u0437\u0430\u043a\u0430\u0437\u0430 \u043f\u043e\u0441\u043b\u0435 \u043e\u0442\u043f\u0440\u0430\u0432\u043a\u0438 \u043f\u043e\u0441\u0442\u0430\u0432\u0449\u0438\u043a\u0443 \u043d\u0435\u0432\u043e\u0437\u043c\u043e\u0436\u043d\u0430\n            \u0412\u043e\u0437\u0432\u0440\u0430\u0442 \u043d\u0435\u0432\u043e\u0437\u043c\u043e\u0436\u0435\u043d","return":false,"multiplicity":"1","chance":61,"id":"21|OC90|N_00004741|82589|1||729.3|812391691^^^\u0424\u0438\u043b\u044c\u0442\u0440 \u043c\u0430\u0441\u043b\u044f\u043d\u044b\u0438 KNECHT OC90^^^729.3"},{"brand":"MAHLE","article":"OC90","name":"\u0424\u0438\u043b\u044c\u0442\u0440 \u043c\u0430\u0441\u043b\u044f\u043d\u044b\u0439 Daewoo Nexia 1995-2016\/Opel Frontera B 1998-2004","cost":"765.6","count":"1","time":"4 \u0434.","stock":"Cella1278\/1","city":"\u041d\u0430\u0431\u0435\u0440\u0435\u0436\u043d\u044b\u0435 \u0427\u0435\u043b\u043d\u044b","warning":"\u0412\u043e\u0437\u0432\u0440\u0430\u0442 \u0431\u0435\u0437 \u0443\u0446\u0435\u043d\u043a\u0438","multiplicity":"1","chance":48,"id":"21|OC90|N_00000002|58863|1||765.6|3265707856^^^\u0424\u0438\u043b\u044c\u0442\u0440 \u043c\u0430\u0441\u043b\u044f\u043d\u044b\u0439 Daewoo Nexia 1995-2016\/Opel Frontera B 1998-2004^^^765.6"},{"brand":"MAHLE","article":"OC90","name":"\u0424\u0438\u043b\u044c\u0442\u0440 \u043c\u0430\u0441\u043b.Opel Ascona\/Astra\/Omega\/Kadett\/Vectra 1.3-3.0i 85>, \u0424\u0438\u043b\u044c\u0442\u0440 \u043c\u0430\u0441\u043b.Opel Ascona\/Astra\/Omega\/Kadett\/Vectra 1.3-3.0i 85>","cost":"1055.23","count":"38","time":"6 \u0434.","stock":"Cella2067\/1","city":"\u042f\u0440\u043e\u0441\u043b\u0430\u0432\u043b\u044c","warning":"\u0412\u043e\u0437\u0432\u0440\u0430\u0442 \u0431\u0435\u0437 \u0443\u0446\u0435\u043d\u043a\u0438","multiplicity":"1","chance":59,"id":"21|OC90|N_00004479|82494|1||1055.23|773678873^^^\u0424\u0438\u043b\u044c\u0442\u0440 \u043c\u0430\u0441\u043b.Opel Ascona\/Astra\/Omega\/Kadett\/Vectra 1.3-3.0i 85>, \u0424\u0438\u043b\u044c\u0442\u0440 \u043c\u0430\u0441\u043b.Opel Ascona\/Astra\/Omega\/Kadett\/Vectra 1.3-3.0i 85>^^^1055.23"},{"brand":"MAHLE","article":"OC90","name":"Oil filter","cost":"1076.78","count":"30","time":"26 \u0434.","stock":"EU048\/1","city":"\u0417\u0430\u0433\u0440\u0430\u043d.","warning":"\u041e\u0442\u043c\u0435\u043d\u0430 \u0437\u0430\u043a\u0430\u0437\u0430 \u043f\u043e\u0441\u043b\u0435 \u043e\u0442\u043f\u0440\u0430\u0432\u043a\u0438 \u043f\u043e\u0441\u0442\u0430\u0432\u0449\u0438\u043a\u0443 \u043d\u0435\u0432\u043e\u0437\u043c\u043e\u0436\u043d\u0430\n            \u0412\u043e\u0437\u0432\u0440\u0430\u0442 \u043d\u0435\u0432\u043e\u0437\u043c\u043e\u0436\u0435\u043d","return":false,"multiplicity":"1","chance":72,"id":"21|OC90|N_00004741|82664|1||1076.78|1904067245^^^Oil filter^^^1076.78"},{"brand":"MAHLE","article":"OC90","name":"\u0424\u0438\u043b\u044c\u0442\u0440 \u043c\u0430\u0441\u043b\u044f\u043d\u044b\u0439","cost":"1369.37","count":"143","time":"29 \u0434.","stock":"Emi025\/2","city":"\u0417\u0430\u0433\u0440\u0430\u043d.","warning":"\u041e\u0442\u043c\u0435\u043d\u0430 \u0437\u0430\u043a\u0430\u0437\u0430 \u043f\u043e\u0441\u043b\u0435 \u043e\u0442\u043f\u0440\u0430\u0432\u043a\u0438 \u043f\u043e\u0441\u0442\u0430\u0432\u0449\u0438\u043a\u0443 \u043d\u0435\u0432\u043e\u0437\u043c\u043e\u0436\u043d\u0430\n            \u0412\u043e\u0437\u0432\u0440\u0430\u0442 \u043d\u0435\u0432\u043e\u0437\u043c\u043e\u0436\u0435\u043d \u0412\u041d\u0418\u041c\u0410\u041d\u0418\u0415!!! \u0422\u043e\u0432\u0430\u0440 \u043d\u0430\u0445\u043e\u0434\u0438\u0442\u0441\u044f \u0437\u0430\u0433\u0440\u0430\u043d\u0438\u0446\u0435\u0439. \u0412\u043e\u0437\u043c\u043e\u0436\u043d\u044b \u0437\u0430\u0434\u0435\u0440\u0436\u043a\u0438 \u0441 \u043e\u0442\u0432\u0435\u0442\u0430\u043c\u0438\/\u043e\u0442\u043a\u0430\u0437\u0430\u043c\u0438, \u0430 \u0442\u0430\u043a\u0436\u0435 \u0443\u0432\u0435\u043b\u0438\u0447\u0435\u043d\u0438\u0435 \u0441\u0440\u043e\u043a\u043e\u0432 \u043f\u043e\u0441\u0442\u0430\u0432\u043a\u0438!","return":false,"multiplicity":"1","chance":29,"id":"21|OC90|N_00004741|82048|2||1369.37|278550799^^^\u0424\u0438\u043b\u044c\u0442\u0440 \u043c\u0430\u0441\u043b\u044f\u043d\u044b\u0439^^^1369.37"}],"status":5,"searchstring":"OC90","brands":"KNECHTMAHLE","AccountId":"0","errors":""},"3":{"result":"","status":"4","AccountId":"0","errors":" \u041d\u0435\u0432\u043e\u0437\u043c\u043e\u0436\u043d\u043e \u0432\u043e\u0439\u0442\u0438: \u043f\u0440\u043e\u0432\u0435\u0440\u044c\u0442\u0435 \u043f\u0440\u0430\u0432\u0438\u043b\u044c\u043d\u043e\u0441\u0442\u044c \u0432\u0432\u043e\u0434\u0430 \u0438\u043c\u0435\u043d\u0438 \u043f\u043e\u043b\u044c\u0437\u043e\u0432\u0430\u0442\u0435\u043b\u044f \u0438 \u043f\u0430\u0440\u043e\u043b\u044f;"},"7":{"result":"","status":"4","AccountId":"0","errors":" \u041d\u0435\u0432\u043e\u0437\u043c\u043e\u0436\u043d\u043e \u0432\u043e\u0439\u0442\u0438: \u043f\u0440\u043e\u0432\u0435\u0440\u044c\u0442\u0435 \u043f\u0440\u0430\u0432\u0438\u043b\u044c\u043d\u043e\u0441\u0442\u044c \u0432\u0432\u043e\u0434\u0430 \u0438\u043c\u0435\u043d\u0438 \u043f\u043e\u043b\u044c\u0437\u043e\u0432\u0430\u0442\u0435\u043b\u044f \u0438 \u043f\u0430\u0440\u043e\u043b\u044f;"}}}
2026-07-31 09:48:23 get_results res_str: stdClass Object
(
    [8deeed019bf11b] => stdClass Object
        (
            [14] => stdClass Object
                (
                    [result] => 
                    [status] => 5
                    [searchstring] => OC90
                    [brands] => KNECHTMAHLE
                    [AccountId] => 0
                    [errors] => 
                )

            [5] => stdClass Object
                (
                    [result] => Array
                        (
                            [0] => stdClass Object
                                (
                                    [brand] => KNECHT
                                    [article] => OC90
                                    [name] => OC90 Фильтр масляный MAHLE Россия
                                    [cost] => 292.84
                                    [count] => 101
                                    [time] => 2 д.
                                    [stock] => Cella915/3
                                    [city] => Смоленск
                                    [warning] => Возврат без уценки
                                    [multiplicity] => 1
                                    [chance] => 88
                                    [id] => 21|OC90|34|26781|3||292.84|3350771769^^^OC90 Фильтр масляный MAHLE Россия^^^292.84
                                )

                            [1] => stdClass Object
                                (
                                    [brand] => KNECHT
                                    [article] => OC90
                                    [name] => Фильтр масляный
                                    [cost] => 330
                                    [count] => 1
                                    [time] => 4 д.
                                    [stock] => Cella1487/1
                                    [city] => Тольятти
                                    [warning] => Возврат невозможен
                                    [return] => 
                                    [multiplicity] => 1
                                    [chance] => 89
                                    [id] => 21|OC90|N_00004488|81607|1||330|679070959^^^Фильтр масляный^^^330
                                )

                            [2] => stdClass Object
                                (
                                    [brand] => KNECHT
                                    [article] => OC90
                                    [name] => Фильтр масляный OPEL/GM/DAEWOO
                                    [cost] => 331.1
                                    [count] => 7
                                    [time] => 4 д.
                                    [stock] => Cella1487/2
                                    [city] => Тольятти
                                    [warning] => Возврат невозможен
                                    [return] => 
                                    [multiplicity] => 1
                                    [chance] => 93
                                    [id] => 21|OC90|N_00004488|81607|2||331.1|3749265404^^^Фильтр масляный OPEL/GM/DAEWOO^^^331.1
                                )

                            [3] => stdClass Object
                                (
                                    [brand] => KNECHT
                                    [article] => OC90
                                    [name] => фильтр масляный
                                    [cost] => 339.25
                                    [count] => 35
                                    [time] => 1 д.
                                    [stock] => Cella327/2
                                    [city] => Москва
                                    [warning] => Array
                                        (
                                        )

                                    [multiplicity] => 1
                                    [chance] => 78
                                    [id] => 21|OC90|N_00004488|2795|2||339.25|2242304064^^^фильтр масляный^^^339.25
                                )

                            [4] => stdClass Object
                                (
                                    [brand] => KNECHT
                                    [article] => OC90
                                    [name] => OC90 Фильтр масляный MAHLE Россия
                                    [cost] => 372.67
                                    [count] => 10
                                    [time] => 3 д.
                                    [stock] => Cella915/2
                                    [city] => Смоленск
                                    [warning] => Возврат без уценки
                                    [multiplicity] => 1
                                    [chance] => 81
                                    [id] => 21|OC90|34|26781|2||372.67|2737159562^^^OC90 Фильтр масляный MAHLE Россия^^^372.67
                                )

                            [5] => stdClass Object
                                (
                                    [brand] => KNECHT
                                    [article] => OC90
                                    [name] => фильтр масляный Opel Ascona/Astra/Omega/Kadett/Vectra 1.3-3.0i 85>
                                    [cost] => 599.82
                                    [count] => 1150
                                    [time] => 54 д.
                                    [stock] => EU033/1
                                    [city] => Загран.
                                    [warning] => Отмена заказа после отправки поставщику невозможна
            Возврат невозможен
                                    [return] => 
                                    [multiplicity] => 1
                                    [chance] => 33
                                    [id] => 21|OC90|34|81751|1||599.82|1447318539^^^фильтр масляный Opel Ascona/Astra/Omega/Kadett/Vectra 1.3-3.0i 85>^^^599.82
                                )

                            [6] => stdClass Object
                                (
                                    [brand] => MAHLE
                                    [article] => OC90
                                    [name] => Фильтр масляный
                                    [cost] => 267.3
                                    [count] => 500
                                    [time] => 2 д.
                                    [stock] => Cella1169/2
                                    [city] => Москва
                                    [warning] => Возврат без уценки
                                    [pp] => Официальный дистрибьютор
                                    [multiplicity] => 1
                                    [chance] => 88
                                    [id] => 21|OC90|N_00004479|47367|2||267.3|2913511943^^^Фильтр масляный^^^267.3
                                )

                            [7] => stdClass Object
                                (
                                    [brand] => MAHLE
                                    [article] => OC90
                                    [name] => Фильтр масляный
                                    [cost] => 283.34
                                    [count] => 462
                                    [time] => 1 д.
                                    [stock] => Cella1336/1
                                    [city] => Москва
                                    [warning] => Возврат без уценки
                                    [multiplicity] => 1
                                    [chance] => 83
                                    [id] => 21|OC90|N_00004479|66356|1||283.34|3879300629^^^Фильтр масляный^^^283.34
                                )

                            [8] => stdClass Object
                                (
                                    [brand] => MAHLE
                                    [article] => OC90
                                    [name] => Фильтр масляный CHEVROLET: AVEO хечбэк 08-, AVEO седан 06-, CAPTIVA 06-, EVANDA 05-, KALOS 05-, KALOS седан 05-, LACETTI 05-, NUBIRA седан 05-, NUBIRA универсал
                                    [cost] => 293.54
                                    [count] => >50
                                    [time] => В наличии
                                    [stock] => Cella456/1
                                    [city] => Москва
                                    [warning] => Отмена заказа после отправки поставщику невозможна
            Возврат без уценки
                                    [pp] => Официальный дистрибьютор
                                    [multiplicity] => 1
                                    [chance] => 95
                                    [id] => 21|OC90|N_00000002|5989|1||293.54|2496347706^^^Фильтр масляный CHEVROLET: AVEO хечбэк 08-, AVEO седан 06-, CAPTIVA 06-, EVANDA 05-, KALOS 05-, KALOS седан 05-, LACETTI 05-, NUBIRA седан 05-, NUBIRA универсал^^^293.54
                                )

                            [9] => stdClass Object
                                (
                                    [brand] => MAHLE
                                    [article] => OC90
                                    [name] => Маслянный фильтр
                                    [cost] => 295.03
                                    [count] => 25
                                    [time] => В наличии
                                    [stock] => Cella139/1
                                    [city] => Смоленск
                                    [warning] => Возврат без уценки
                                    [multiplicity] => 1
                                    [chance] => 94
                                    [id] => 21|OC90|N_00000002|81812|1||295.03|1710383927^^^Маслянный фильтр^^^295.03
                                )

                            [10] => stdClass Object
                                (
                                    [brand] => MAHLE
                                    [article] => OC90
                                    [name] => Фильтр масляный
                                    [cost] => 295.03
                                    [count] => 4
                                    [time] => 3 д.
                                    [stock] => Cella139/2
                                    [city] => Смоленск
                                    [warning] => Возврат без уценки
                                    [multiplicity] => 1
                                    [chance] => 81
                                    [id] => 21|OC90|N_00000002|81812|2||295.03|1551851506^^^Фильтр масляный^^^295.03
                                )

                            [11] => stdClass Object
                                (
                                    [brand] => MAHLE
                                    [article] => OC90
                                    [name] => Фильтр масляный
                                    [cost] => 306.67
                                    [count] => 1
                                    [time] => 3 д.
                                    [stock] => Cella139/4
                                    [city] => Смоленск
                                    [warning] => Возврат без уценки
                                    [multiplicity] => 1
                                    [chance] => 89
                                    [id] => 21|OC90|N_00000002|81812|4||306.67|2863356893^^^Фильтр масляный^^^306.67
                                )

                            [12] => stdClass Object
                                (
                                    [brand] => MAHLE
                                    [article] => OC90
                                    [name] => Фильтр масляный
                                    [cost] => 306.67
                                    [count] => 100
                                    [time] => В наличии
                                    [stock] => Cella055/1
                                    [city] => Москва
                                    [warning] => Возврат без уценки
                                    [pp] => Официальный дистрибьютор
                                    [multiplicity] => 1
                                    [chance] => 88
                                    [id] => 21|OC90|N_00000002|64|1||306.67|855862953^^^Фильтр масляный^^^306.67
                                )

                            [13] => stdClass Object
                                (
                                    [brand] => MAHLE
                                    [article] => OC90
                                    [name] => Фильтр масляный Chevrolet Aveo 1.4 06>, Captiva 2.4 06>, Cruze 1.6 09>, Lacetti 1.4-1.8 05>, Lanos 1.4-1.6 05>, Rezzo 1.6-2.0 05> / Daewoo Espero 1.5-2.0, Leganza 2.0 97>, Nexia 1.5 95> / Opel Astra F/G 1.4-2.0 >04
                                    [cost] => 323.18
                                    [count] => 100
                                    [time] => 2 д.
                                    [stock] => Cella1725/1
                                    [city] => Ростов-на-Дону
                                    [warning] => Возврат без уценки
                                    [multiplicity] => 1
                                    [chance] => 91
                                    [id] => 21|OC90|N_00000002|82009|1|AS000015361|323.18|3576077823^^^Фильтр масляный Chevrolet Aveo 1.4 06>, Captiva 2.4 06>, Cruze 1.6 09>, Lacetti 1.4-1.8 05>, Lanos 1.4-1.6 05>, Rezzo 1.6-2.0 05> / Daewoo Espero 1.5-2.0, Leganza 2.0 97>, Nexia 1.5 95> / Opel Astra F/G 1.4-2.0 >04^^^323.18
                                )

                            [14] => stdClass Object
                                (
                                    [brand] => MAHLE
                                    [article] => OC90
                                    [name] => Фильтр масляный CHEVROLET: AVEO хечбэк 08-, AVEO седан 06-, CAPTIVA 06-, EVANDA 05-, KALOS 05-, KALOS седан 05-, LACETTI 05-, NUBIRA седан 05-, NUBIRA
                                    [cost] => 328.01
                                    [count] => 300
                                    [time] => 3 д.
                                    [stock] => Cella1185/1
                                    [city] => Минск
                                    [warning] => Возврат без уценки
                                    [multiplicity] => 1
                                    [chance] => 85
                                    [id] => 21|OC90|10223|48749|1||328.01|3821733900^^^Фильтр масляный CHEVROLET: AVEO хечбэк 08-, AVEO седан 06-, CAPTIVA 06-, EVANDA 05-, KALOS 05-, KALOS седан 05-, LACETTI 05-, NUBIRA седан 05-, NUBIRA^^^328.01
                                )

                            [15] => stdClass Object
                                (
                                    [brand] => MAHLE
                                    [article] => OC90
                                    [name] => Фильтр масляный
                                    [cost] => 328.14
                                    [count] => 1
                                    [time] => 2 д.
                                    [stock] => Cella2005/2
                                    [city] => Санкт-Петербург
                                    [warning] => Возврат невозможен
                                    [return] => 
                                    [multiplicity] => 1
                                    [chance] => 86
                                    [id] => 21|OC90|N_00000002|82425|2||328.14|764975658^^^Фильтр масляный^^^328.14
                                )

                            [16] => stdClass Object
                                (
                                    [brand] => MAHLE
                                    [article] => OC90
                                    [name] => Фильтр масляный OC90
                                    [cost] => 330
                                    [count] => 4
                                    [time] => 1 д.
                                    [stock] => Cella1507/1
                                    [city] => Москва
                                    [warning] => Возврат без уценки
                                    [multiplicity] => 1
                                    [chance] => 97
                                    [id] => 21|OC90|N_00000002|81637|1||330|2876476798^^^Фильтр масляный OC90^^^330
                                )

                            [17] => stdClass Object
                                (
                                    [brand] => MAHLE
                                    [article] => OC90
                                    [name] => Фильтр масляный
                                    [cost] => 330.67
                                    [count] => 1
                                    [time] => 2 д.
                                    [stock] => Cella1160/2
                                    [city] => Минск
                                    [warning] => Возврат без уценки ВНИМАНИЕ!!! Заявки на возврат по причине отказа клиента принимаются в течение 7 дней с момента прихода товара на склад Адео.про.
                                    [multiplicity] => 1
                                    [chance] => 87
                                    [id] => 21|OC90|10223|45751|2||330.67|188213844^^^Фильтр масляный^^^330.67
                                )

                            [18] => stdClass Object
                                (
                                    [brand] => MAHLE
                                    [article] => OC90
                                    [name] => Фильтр масляный
                                    [cost] => 331.1
                                    [count] => 100
                                    [time] => 6 д.
                                    [stock] => Cella1037/2
                                    [city] => Тольятти
                                    [warning] => Возврат без уценки
                                    [multiplicity] => 1
                                    [chance] => 78
                                    [id] => 21|OC90|N_00000002|33421|2||331.1|3107440917^^^Фильтр масляный^^^331.1
                                )

                            [19] => stdClass Object
                                (
                                    [brand] => MAHLE
                                    [article] => OC90
                                    [name] => Фильтр масляный
                                    [cost] => 334.16
                                    [count] => 14
                                    [time] => 2 д.
                                    [stock] => Cella089/1
                                    [city] => Москва
                                    [warning] => Отмена заказа после отправки поставщику невозможна
            Возврат без уценки
                                    [pp] => Официальный дистрибьютор
                                    [multiplicity] => 1
                                    [chance] => 72
                                    [id] => 21|OC90|N_00000002|97|1||334.16|228230099^^^Фильтр масляный^^^334.16
                                )

                            [20] => stdClass Object
                                (
                                    [brand] => MAHLE
                                    [article] => OC90
                                    [name] => Фильтр масляный
                                    [cost] => 334.16
                                    [count] => 400
                                    [time] => 2 д.
                                    [stock] => Cella089/2
                                    [city] => Санкт-Петербург
                                    [warning] => Отмена заказа после отправки поставщику невозможна
            Возврат без уценки
                                    [pp] => Официальный дистрибьютор
                                    [multiplicity] => 1
                                    [chance] => 79
                                    [id] => 21|OC90|N_00000002|97|2||334.16|873971478^^^Фильтр масляный^^^334.16
                                )

                            [21] => stdClass Object
                                (
                                    [brand] => MAHLE
                                    [article] => OC90
                                    [name] => Фильтр масляный
                                    [cost] => 339.61
                                    [count] => 50
                                    [time] => 1 д.
                                    [stock] => Cella049/1
                                    [city] => Москва
                                    [warning] => Возврат без уценки
                                    [multiplicity] => 1
                                    [chance] => 87
                                    [id] => 21|OC90|N_00000002|58|1||339.61|3089621293^^^Фильтр масляный^^^339.61
                                )

                            [22] => stdClass Object
                                (
                                    [brand] => MAHLE
                                    [article] => OC90
                                    [name] => Фильтр масляный Daewoo Espero, Lanos,Leganza, Nexia, Nubira Opel Astra, Corsa, Vectra
                                    [cost] => 352
                                    [count] => 500
                                    [time] => 3 д.
                                    [stock] => Cella1169/1
                                    [city] => Минск
                                    [warning] => Возврат без уценки
                                    [pp] => Официальный дистрибьютор
                                    [multiplicity] => 1
                                    [chance] => 82
                                    [id] => 21|OC90|N_00004479|47367|1||352|556146082^^^Фильтр масляный Daewoo Espero, Lanos,Leganza, Nexia, Nubira Opel Astra, Corsa, Vectra^^^352
                                )

                            [23] => stdClass Object
                                (
                                    [brand] => MAHLE
                                    [article] => OC90
                                    [name] => Фильтр масляный
                                    [cost] => 353.1
                                    [count] => 1
                                    [time] => 6 д.
                                    [stock] => Cella1449/1
                                    [city] => Новосибирск
                                    [warning] => Возврат без уценки
                                    [multiplicity] => 1
                                    [chance] => 80
                                    [id] => 21|OC90|N_00000002|80867|1||353.1|1533565987^^^Фильтр масляный^^^353.1
                                )

                            [24] => stdClass Object
                                (
                                    [brand] => MAHLE
                                    [article] => OC90
                                    [name] => Масляный фильтр MAHLE ORIGINAL OC 90 (MAHLE) G102 OPEL
                                    [cost] => 362.61
                                    [count] => 100
                                    [time] => 1 д.
                                    [stock] => Cella178/1
                                    [city] => Минск
                                    [warning] => Возврат без уценки
                                    [multiplicity] => 1
                                    [chance] => 94
                                    [id] => 21|OC90|10223|516|1|01438299|362.61|3034928750^^^Масляный фильтр MAHLE ORIGINAL OC 90 (MAHLE) G102 OPEL^^^362.61
                                )

                            [25] => stdClass Object
                                (
                                    [brand] => MAHLE
                                    [article] => OC90
                                    [name] => Фильтр масляный
                                    [cost] => 362.65
                                    [count] => 20
                                    [time] => 3 д.
                                    [stock] => Cella611/3
                                    [city] => Минск
                                    [warning] => ЦС
            Отмена заказа после отправки поставщику невозможна
            Возврат невозможен
                                    [return] => 
                                    [pp] =>  Центральный склад
                                    [multiplicity] => 1
                                    [chance] => 72
                                    [id] => 21|OC90|N_00004479|13787|3||362.65|2404736302^^^Фильтр масляный^^^362.65
                                )

                            [26] => stdClass Object
                                (
                                    [brand] => MAHLE
                                    [article] => OC90
                                    [name] => Фильтр масляный
                                    [cost] => 363
                                    [count] => 1
                                    [time] => 9 д.
                                    [stock] => Cella1696/1
                                    [city] => Екатеринбург
                                    [warning] => Возврат без уценки
                                    [multiplicity] => 1
                                    [chance] => 84
                                    [id] => 21|OC90|N_00004479|81959|1||363|2878752523^^^Фильтр масляный^^^363
                                )

                            [27] => stdClass Object
                                (
                                    [brand] => MAHLE
                                    [article] => OC90
                                    [name] => Фильтр масляный   90
                                    [cost] => 365.2
                                    [count] => 60
                                    [time] => 9 д.
                                    [stock] => Cella1332/3
                                    [city] => Новосибирск
                                    [warning] => Возврат без уценки
                                    [multiplicity] => 1
                                    [chance] => 77
                                    [id] => 21|OC90|N_00000002|66065|3||365.2|4294702374^^^Фильтр масляный   90^^^365.2
                                )

                            [28] => stdClass Object
                                (
                                    [brand] => MAHLE
                                    [article] => OC90
                                    [name] => Фильтр масляный
                                    [cost] => 366.1
                                    [count] => 10
                                    [time] => 2 д.
                                    [stock] => Cella1160/1
                                    [city] => Минск
                                    [warning] => Возврат без уценки
                                    [multiplicity] => 1
                                    [chance] => 88
                                    [id] => 21|OC90|10223|45751|1||366.1|3236371230^^^Фильтр масляный^^^366.1
                                )

                            [29] => stdClass Object
                                (
                                    [brand] => MAHLE
                                    [article] => OC90
                                    [name] => Фильтр масляный
                                    [cost] => 371.66
                                    [count] => 10
                                    [time] => 4 д.
                                    [stock] => Cella1465/26
                                    [city] => Симферополь
                                    [warning] => Возврат без уценки К возврату не подлежат электрические части и тех. жидкости, в том числе и масла.
                                    [multiplicity] => 1
                                    [chance] => 71
                                    [id] => 21|OC90|N_00000002|81571|26||371.66|3383763264^^^Фильтр масляный^^^371.66
                                )

                            [30] => stdClass Object
                                (
                                    [brand] => MAHLE
                                    [article] => OC90
                                    [name] => Фильтр масляный Daewoo Espero, Lanos,Leganza, Nexia, Nubira Opel Astra, Corsa, Vectra
                                    [cost] => 374.38
                                    [count] => 2
                                    [time] => 4 д.
                                    [stock] => Cella2168/2
                                    [city] => Москва
                                    [warning] => Возврат невозможен
                                    [return] => 
                                    [multiplicity] => 1
                                    [chance] => 44
                                    [id] => 21|OC90|10223|82604|2||374.38|2286367716^^^Фильтр масляный Daewoo Espero, Lanos,Leganza, Nexia, Nubira Opel Astra, Corsa, Vectra^^^374.38
                                )

                            [31] => stdClass Object
                                (
                                    [brand] => MAHLE
                                    [article] => OC90
                                    [name] => Фильтр масляный MAHLE OC 90
                                    [cost] => 385
                                    [count] => 60
                                    [time] => 10 д.
                                    [stock] => Cella1679/1
                                    [city] => Красноярск
                                    [warning] => Возврат без уценки
                                    [multiplicity] => 1
                                    [chance] => 56
                                    [id] => 21|OC90|N_00004741|81931|1||385|2003135794^^^Фильтр масляный MAHLE OC 90^^^385
                                )

                            [32] => stdClass Object
                                (
                                    [brand] => MAHLE
                                    [article] => OC90
                                    [name] => Фильтр масляный CHEVROLET LACETTI/CAPTIVA
                                    [cost] => 398.2
                                    [count] => >100
                                    [time] => 1 д.
                                    [stock] => Cella952/1
                                    [city] => Санкт-Петербург
                                    [warning] => Возврат без уценки
                                    [pp] => Официальный дистрибьютор
                                    [multiplicity] => 1
                                    [chance] => 94
                                    [id] => 21|OC90|N_00004741|28926|1||398.2|2599326814^^^Фильтр масляный CHEVROLET LACETTI/CAPTIVA^^^398.2
                                )

                            [33] => stdClass Object
                                (
                                    [brand] => MAHLE
                                    [article] => OC90
                                    [name] => Фильтр масляный CHEVROLET LACETTI/CAPTIVA
                                    [cost] => 403.7
                                    [count] => 1
                                    [time] => В наличии
                                    [stock] => Cella1934/1
                                    [city] => Москва
                                    [warning] => Возврат без уценки
                                    [multiplicity] => 1
                                    [chance] => 92
                                    [id] => 21|OC90|N_00004741|82348|1||403.7|3722097286^^^Фильтр масляный CHEVROLET LACETTI/CAPTIVA^^^403.7
                                )

                            [34] => stdClass Object
                                (
                                    [brand] => MAHLE
                                    [article] => OC90
                                    [name] => Фильтр масляный
                                    [cost] => 417.87
                                    [count] => 1
                                    [time] => 6 д.
                                    [stock] => Cella1465/13
                                    [city] => Феодосия
                                    [warning] => Возврат без уценки
                                    [multiplicity] => 1
                                    [chance] => 93
                                    [id] => 21|OC90|10223|81571|13||417.87|1784197783^^^Фильтр масляный^^^417.87
                                )

                            [35] => stdClass Object
                                (
                                    [brand] => MAHLE
                                    [article] => OC90
                                    [name] => Фильтр масляный
                                    [cost] => 451
                                    [count] => 4
                                    [time] => 2 д.
                                    [stock] => Cella1720/1
                                    [city] => Псков
                                    [warning] => Возврат без уценки
                                    [pp] => Официальный дистрибьютор
                                    [multiplicity] => 1
                                    [chance] => 91
                                    [id] => 21|OC90|N_00000002|82001|1||451|3833540591^^^Фильтр масляный^^^451
                                )

                            [36] => stdClass Object
                                (
                                    [brand] => MAHLE
                                    [article] => OC90
                                    [name] => Фильтр масляный OPEL/GM/DAEWOO MAHLE OC90
                                    [cost] => 466.4
                                    [count] => 2
                                    [time] => 2 д.
                                    [stock] => Cella2060/1
                                    [city] => Ярославль
                                    [warning] => Возврат без уценки
                                    [multiplicity] => 1
                                    [chance] => 91
                                    [id] => 21|OC90|N_00000002|82485|1||466.4|3196656200^^^Фильтр масляный OPEL/GM/DAEWOO MAHLE OC90^^^466.4
                                )

                            [37] => stdClass Object
                                (
                                    [brand] => MAHLE
                                    [article] => OC90
                                    [name] => Фильтр масляный Daewoo Nexia 1995-2016/Opel Frontera B 1998-2004
                                    [cost] => 502.74
                                    [count] => 2
                                    [time] => 10 д.
                                    [stock] => Cella1278/3
                                    [city] => Москва
                                    [warning] => Отмена заказа после отправки поставщику невозможна
            Возврат без уценки
                                    [multiplicity] => 1
                                    [chance] => 37
                                    [id] => 21|OC90|N_00000002|58863|3||502.74|4037908902^^^Фильтр масляный Daewoo Nexia 1995-2016/Opel Frontera B 1998-2004^^^502.74
                                )

                            [38] => stdClass Object
                                (
                                    [brand] => MAHLE
                                    [article] => OC90
                                    [name] => Фильтр масляный DAEWOO Nexia CHEVROLET Lanos MAHLE
                                    [cost] => 558.27
                                    [count] => 15
                                    [time] => 1 д.
                                    [stock] => Cella499/3
                                    [city] => Москва
                                    [warning] => Возврат без уценки
                                    [multiplicity] => 1
                                    [chance] => 95
                                    [id] => 21|OC90|N_00000002|8181|3|400443|558.27|3585406818^^^Фильтр масляный DAEWOO Nexia CHEVROLET Lanos MAHLE^^^558.27
                                )

                            [39] => stdClass Object
                                (
                                    [brand] => MAHLE
                                    [article] => OC90
                                    [name] => Фильтр масляный DAEWOO Nexia CHEVROLET Lanos MAHLE
                                    [cost] => 558.27
                                    [count] => 2
                                    [time] => 1 д.
                                    [stock] => Cella396/1
                                    [city] => Москва
                                    [warning] => Возврат без уценки
                                    [multiplicity] => 1
                                    [chance] => 90
                                    [id] => 21|OC90|N_00000002|3934|1|400443|558.27|1335386092^^^Фильтр масляный DAEWOO Nexia CHEVROLET Lanos MAHLE^^^558.27
                                )

                            [40] => stdClass Object
                                (
                                    [brand] => MAHLE
                                    [article] => OC90
                                    [name] => Фильтр масляный DAEWOO Nexia CHEVROLET Lanos MAHLE
                                    [cost] => 561.06
                                    [count] => 6
                                    [time] => 1 д.
                                    [stock] => Cella751/1
                                    [city] => Москва
                                    [warning] => Возврат без уценки
                                    [pp] => Официальный дистрибьютор
                                    [multiplicity] => 1
                                    [chance] => 54
                                    [id] => 21|OC90|N_00000002|19330|1||561.06|320484898^^^Фильтр масляный DAEWOO Nexia CHEVROLET Lanos MAHLE^^^561.06
                                )

                            [41] => stdClass Object
                                (
                                    [brand] => MAHLE
                                    [article] => OC90
                                    [name] => Фильтр масл.OPEL 1.3-2.5L 85=> /DAEWOO ESPERO,NEXIA 1.5-2.0L
                                    [cost] => 584.64
                                    [count] => 512
                                    [time] => 2 д.
                                    [stock] => Cella1467/1
                                    [city] => Санкт-Петербург
                                    [warning] => Возврат без уценки
                                    [multiplicity] => 1
                                    [chance] => 80
                                    [id] => 21|OC90|N_00004479|81575|1||584.64|1193150375^^^Фильтр масл.OPEL 1.3-2.5L 85=> /DAEWOO ESPERO,NEXIA 1.5-2.0L^^^584.64
                                )

                            [42] => stdClass Object
                                (
                                    [brand] => MAHLE
                                    [article] => OC90
                                    [name] => Фильтр масляныи KNECHT OC90
                                    [cost] => 729.3
                                    [count] => 1000
                                    [time] => 60 д.
                                    [stock] => China001/1
                                    [city] => Загран.
                                    [warning] => Отмена заказа после отправки поставщику невозможна
            Возврат невозможен
                                    [return] => 
                                    [multiplicity] => 1
                                    [chance] => 61
                                    [id] => 21|OC90|N_00004741|82589|1||729.3|812391691^^^Фильтр масляныи KNECHT OC90^^^729.3
                                )

                            [43] => stdClass Object
                                (
                                    [brand] => MAHLE
                                    [article] => OC90
                                    [name] => Фильтр масляный Daewoo Nexia 1995-2016/Opel Frontera B 1998-2004
                                    [cost] => 765.6
                                    [count] => 1
                                    [time] => 4 д.
                                    [stock] => Cella1278/1
                                    [city] => Набережные Челны
                                    [warning] => Возврат без уценки
                                    [multiplicity] => 1
                                    [chance] => 48
                                    [id] => 21|OC90|N_00000002|58863|1||765.6|3265707856^^^Фильтр масляный Daewoo Nexia 1995-2016/Opel Frontera B 1998-2004^^^765.6
                                )

                            [44] => stdClass Object
                                (
                                    [brand] => MAHLE
                                    [article] => OC90
                                    [name] => Фильтр масл.Opel Ascona/Astra/Omega/Kadett/Vectra 1.3-3.0i 85>, Фильтр масл.Opel Ascona/Astra/Omega/Kadett/Vectra 1.3-3.0i 85>
                                    [cost] => 1055.23
                                    [count] => 38
                                    [time] => 6 д.
                                    [stock] => Cella2067/1
                                    [city] => Ярославль
                                    [warning] => Возврат без уценки
                                    [multiplicity] => 1
                                    [chance] => 59
                                    [id] => 21|OC90|N_00004479|82494|1||1055.23|773678873^^^Фильтр масл.Opel Ascona/Astra/Omega/Kadett/Vectra 1.3-3.0i 85>, Фильтр масл.Opel Ascona/Astra/Omega/Kadett/Vectra 1.3-3.0i 85>^^^1055.23
                                )

                            [45] => stdClass Object
                                (
                                    [brand] => MAHLE
                                    [article] => OC90
                                    [name] => Oil filter
                                    [cost] => 1076.78
                                    [count] => 30
                                    [time] => 26 д.
                                    [stock] => EU048/1
                                    [city] => Загран.
                                    [warning] => Отмена заказа после отправки поставщику невозможна
            Возврат невозможен
                                    [return] => 
                                    [multiplicity] => 1
                                    [chance] => 72
                                    [id] => 21|OC90|N_00004741|82664|1||1076.78|1904067245^^^Oil filter^^^1076.78
                                )

                            [46] => stdClass Object
                                (
                                    [brand] => MAHLE
                                    [article] => OC90
                                    [name] => Фильтр масляный
                                    [cost] => 1369.37
                                    [count] => 143
                                    [time] => 29 д.
                                    [stock] => Emi025/2
                                    [city] => Загран.
                                    [warning] => Отмена заказа после отправки поставщику невозможна
            Возврат невозможен ВНИМАНИЕ!!! Товар находится заграницей. Возможны задержки с ответами/отказами, а также увеличение сроков поставки!
                                    [return] => 
                                    [multiplicity] => 1
                                    [chance] => 29
                                    [id] => 21|OC90|N_00004741|82048|2||1369.37|278550799^^^Фильтр масляный^^^1369.37
                                )

                        )

                    [status] => 5
                    [searchstring] => OC90
                    [brands] => KNECHTMAHLE
                    [AccountId] => 0
                    [errors] => 
                )

            [3] => stdClass Object
                (
                    [result] => 
                    [status] => 4
                    [AccountId] => 0
                    [errors] =>  Невозможно войти: проверьте правильность ввода имени пользователя и пароля;
                )

            [7] => stdClass Object
                (
                    [result] => 
                    [status] => 4
                    [AccountId] => 0
                    [errors] =>  Невозможно войти: проверьте правильность ввода имени пользователя и пароля;
                )

        )

)

2026-07-31 09:48:23 RETURN: {"status":"ok","items":[{"article":"OC90","brand":"KNECHT","name":"OC90 Фильтр масляный MAHLE Россия","cost":"292.84","price":"292.84","trust_kross":0,"count":"101","time":2,"id":"21|OC90|34|26781|3||292.84|3350771769^^^OC90 Фильтр масляный MAHLE Россия^^^292.84","stock":"Cella915\/3","city_name":"Смоленск","chance":88,"multiplicity":"1","return":1,"plid":5,"pl_name":"adeo.pro","pl_icon":"\/images\/icons\/adeo-pro_ru.ico","deliverer_online_profile_id":"31","brand_id":"4982","sale_price":"293.00"},{"article":"OC90","brand":"KNECHT","name":"Фильтр масляный","cost":"330","price":"330","trust_kross":0,"count":"1","time":4,"id":"21|OC90|N_00004488|81607|1||330|679070959^^^Фильтр масляный^^^330","stock":"Cella1487\/1","city_name":"Тольятти","chance":89,"multiplicity":"1","return":0,"plid":5,"pl_name":"adeo.pro","pl_icon":"\/images\/icons\/adeo-pro_ru.ico","deliverer_online_profile_id":"31","brand_id":"4982","sale_price":"330.00"},{"article":"OC90","brand":"KNECHT","name":"\u0424\u0438\u043B\u044C\u0442\u0440 масляный OPEL\/GM\/DAEWOO","cost":"331.1","price":"331.1","trust_kross":0,"count":"7","time":4,"id":"21|OC90|N_00004488|81607|2||331.1|3749265404^^^Фильтр масляный OPEL\/GM\/DAEWOO^^^331.1","stock":"Cella1487\/2","city_name":"Тольятти","chance":93,"multiplicity":"1","return":0,"plid":5,"pl_name":"adeo.pro","pl_icon":"\/images\/icons\/adeo-pro_ru.ico","deliverer_online_profile_id":"31","brand_id":"4982","sale_price":"331.00"},{"article":"OC90","brand":"KNECHT","name":"фильтр масляный","cost":"339.25","price":"339.25","trust_kross":0,"count":"35","time":1,"id":"21|OC90|N_00004488|2795|2||339.25|2242304064^^^фильтр масляный^^^339.25","stock":"Cella327\/2","city_name":"Москва","chance":78,"multiplicity":"1","return":1,"plid":5,"pl_name":"adeo.pro","pl_icon":"\/images\/icons\/adeo-pro_ru.ico","deliverer_online_profile_id":"31","brand_id":"4982","sale_price":"339.00"},{"article":"OC90","brand":"KNECHT","name":"OC90 Фильтр масляный MAHLE Россия","cost":"372.67","price":"372.67","trust_kross":0,"count":"10","time":3,"id":"21|OC90|34|26781|2||372.67|2737159562^^^OC90 Фильтр масляный MAHLE Россия^^^372.67","stock":"Cella915\/2","city_name":"Смоленск","chance":81,"multiplicity":"1","return":1,"plid":5,"pl_name":"adeo.pro","pl_icon":"\/images\/icons\/adeo-pro_ru.ico","deliverer_online_profile_id":"31","brand_id":"4982","sale_price":"373.00"},{"article":"OC90","brand":"KNECHT","name":"\u0444\u0438\u043B\u044C\u0442\u0440 масляный Opel Ascona\/Astra\/Omega\/Kadett\/Vectra 1.3-3.0i 85>","cost":"599.82","price":"599.82","trust_kross":0,"count":"1150","time":54,"id":"21|OC90|34|81751|1||599.82|1447318539^^^фильтр масляный Opel Ascona\/Astra\/Omega\/Kadett\/Vectra 1.3-3.0i 85>^^^599.82","stock":"EU033\/1","city_name":"Загран.","chance":33,"multiplicity":"1","return":0,"plid":5,"pl_name":"adeo.pro","pl_icon":"\/images\/icons\/adeo-pro_ru.ico","deliverer_online_profile_id":"31","brand_id":"4982","sale_price":"600.00"},{"article":"OC90","brand":"MAHLE","name":"Фильтр масляный","cost":"267.3","price":"267.3","trust_kross":0,"count":"500","time":2,"id":"21|OC90|N_00004479|47367|2||267.3|2913511943^^^Фильтр масляный^^^267.3","stock":"Cella1169\/2","city_name":"Москва","chance":88,"multiplicity":"1","pp":"Официальный дистрибьютор","return":1,"plid":5,"pl_name":"adeo.pro","pl_icon":"\/images\/icons\/adeo-pro_ru.ico","deliverer_online_profile_id":"31","brand_id":"4982","sale_price":"267.00"},{"article":"OC90","brand":"MAHLE","name":"Фильтр масляный","cost":"283.34","price":"283.34","trust_kross":0,"count":"462","time":1,"id":"21|OC90|N_00004479|66356|1||283.34|3879300629^^^Фильтр масляный^^^283.34","stock":"Cella1336\/1","city_name":"Москва","chance":83,"multiplicity":"1","return":1,"plid":5,"pl_name":"adeo.pro","pl_icon":"\/images\/icons\/adeo-pro_ru.ico","deliverer_online_profile_id":"31","brand_id":"4982","sale_price":"283.00"},{"article":"OC90","brand":"MAHLE","name":"Фильтр масляный CHEVROLET: AVEO хечбэк 08-, AVEO седан 06-, CAPTIVA 06-, EVANDA 05-, KALOS 05-, KALOS седан 05-, LACETTI 05-, NUBIRA седан 05-, NUBIRA универсал","cost":"293.54","price":"293.54","trust_kross":0,"count":">50","time":0,"id":"21|OC90|N_00000002|5989|1||293.54|2496347706^^^Фильтр масляный CHEVROLET: AVEO хечбэк 08-, AVEO седан 06-, CAPTIVA 06-, EVANDA 05-, KALOS 05-, KALOS седан 05-, LACETTI 05-, NUBIRA седан 05-, NUBIRA универсал^^^293.54","stock":"Cella456\/1","city_name":"Москва","chance":95,"multiplicity":"1","pp":"Официальный дистрибьютор","return":1,"plid":5,"pl_name":"adeo.pro","pl_icon":"\/images\/icons\/adeo-pro_ru.ico","deliverer_online_profile_id":"31","brand_id":"4982","sale_price":"294.00"},{"article":"OC90","brand":"MAHLE","name":"Маслянный фильтр","cost":"295.03","price":"295.03","trust_kross":0,"count":"25","time":0,"id":"21|OC90|N_00000002|81812|1||295.03|1710383927^^^Маслянный фильтр^^^295.03","stock":"Cella139\/1","city_name":"Смоленск","chance":94,"multiplicity":"1","return":1,"plid":5,"pl_name":"adeo.pro","pl_icon":"\/images\/icons\/adeo-pro_ru.ico","deliverer_online_profile_id":"31","brand_id":"4982","sale_price":"295.00"},{"article":"OC90","brand":"MAHLE","name":"Фильтр масляный","cost":"295.03","price":"295.03","trust_kross":0,"count":"4","time":3,"id":"21|OC90|N_00000002|81812|2||295.03|1551851506^^^Фильтр масляный^^^295.03","stock":"Cella139\/2","city_name":"Смоленск","chance":81,"multiplicity":"1","return":1,"plid":5,"pl_name":"adeo.pro","pl_icon":"\/images\/icons\/adeo-pro_ru.ico","deliverer_online_profile_id":"31","brand_id":"4982","sale_price":"295.00"},{"article":"OC90","brand":"MAHLE","name":"Фильтр масляный","cost":"306.67","price":"306.67","trust_kross":0,"count":"1","time":3,"id":"21|OC90|N_00000002|81812|4||306.67|2863356893^^^Фильтр масляный^^^306.67","stock":"Cella139\/4","city_name":"Смоленск","chance":89,"multiplicity":"1","return":1,"plid":5,"pl_name":"adeo.pro","pl_icon":"\/images\/icons\/adeo-pro_ru.ico","deliverer_online_profile_id":"31","brand_id":"4982","sale_price":"307.00"},{"article":"OC90","brand":"MAHLE","name":"Фильтр масляный","cost":"306.67","price":"306.67","trust_kross":0,"count":"100","time":0,"id":"21|OC90|N_00000002|64|1||306.67|855862953^^^Фильтр масляный^^^306.67","stock":"Cella055\/1","city_name":"Москва","chance":88,"multiplicity":"1","pp":"Официальный дистрибьютор","return":1,"plid":5,"pl_name":"adeo.pro","pl_icon":"\/images\/icons\/adeo-pro_ru.ico","deliverer_online_profile_id":"31","brand_id":"4982","sale_price":"307.00"},{"article":"OC90","brand":"MAHLE","name":"\u0424\u0438\u043B\u044C\u0442\u0440 масляный Chevrolet Aveo 1.4 06>, Captiva 2.4 06>, Cruze 1.6 09>, Lacetti 1.4-1.8 05>, Lanos 1.4-1.6 05>, Rezzo 1.6-2.0 05> \/ Daewoo Espero 1.5-2.0, Leganza 2.0 97>, Nexia 1.5 95> \/ Opel Astra F\/G 1.4-2.0 >04","cost":"323.18","price":"323.18","trust_kross":0,"count":"100","time":2,"id":"21|OC90|N_00000002|82009|1|AS000015361|323.18|3576077823^^^Фильтр масляный Chevrolet Aveo 1.4 06>, Captiva 2.4 06>, Cruze 1.6 09>, Lacetti 1.4-1.8 05>, Lanos 1.4-1.6 05>, Rezzo 1.6-2.0 05> \/ Daewoo Espero 1.5-2.0, Leganza 2.0 97>, Nexia 1.5 95> \/ Opel Astra F\/G 1.4-2.0 >04^^^323.18","stock":"Cella1725\/1","city_name":"Ростов-на-Дону","chance":91,"multiplicity":"1","return":1,"plid":5,"pl_name":"adeo.pro","pl_icon":"\/images\/icons\/adeo-pro_ru.ico","deliverer_online_profile_id":"31","brand_id":"4982","sale_price":"323.00"},{"article":"OC90","brand":"MAHLE","name":"Фильтр масляный CHEVROLET: AVEO хечбэк 08-, AVEO седан 06-, CAPTIVA 06-, EVANDA 05-, KALOS 05-, KALOS седан 05-, LACETTI 05-, NUBIRA седан 05-, NUBIRA","cost":"328.01","price":"328.01","trust_kross":0,"count":"300","time":3,"id":"21|OC90|10223|48749|1||328.01|3821733900^^^Фильтр масляный CHEVROLET: AVEO хечбэк 08-, AVEO седан 06-, CAPTIVA 06-, EVANDA 05-, KALOS 05-, KALOS седан 05-, LACETTI 05-, NUBIRA седан 05-, NUBIRA^^^328.01","stock":"Cella1185\/1","city_name":"Минск","chance":85,"multiplicity":"1","return":1,"plid":5,"pl_name":"adeo.pro","pl_icon":"\/images\/icons\/adeo-pro_ru.ico","deliverer_online_profile_id":"31","brand_id":"4982","sale_price":"328.00"},{"article":"OC90","brand":"MAHLE","name":"Фильтр масляный","cost":"328.14","price":"328.14","trust_kross":0,"count":"1","time":2,"id":"21|OC90|N_00000002|82425|2||328.14|764975658^^^Фильтр масляный^^^328.14","stock":"Cella2005\/2","city_name":"Санкт-Петербург","chance":86,"multiplicity":"1","return":0,"plid":5,"pl_name":"adeo.pro","pl_icon":"\/images\/icons\/adeo-pro_ru.ico","deliverer_online_profile_id":"31","brand_id":"4982","sale_price":"328.00"},{"article":"OC90","brand":"MAHLE","name":"Фильтр масляный OC90","cost":"330","price":"330","trust_kross":0,"count":"4","time":1,"id":"21|OC90|N_00000002|81637|1||330|2876476798^^^Фильтр масляный OC90^^^330","stock":"Cella1507\/1","city_name":"Москва","chance":97,"multiplicity":"1","return":1,"plid":5,"pl_name":"adeo.pro","pl_icon":"\/images\/icons\/adeo-pro_ru.ico","deliverer_online_profile_id":"31","brand_id":"4982","sale_price":"330.00"},{"article":"OC90","brand":"MAHLE","name":"Фильтр масляный","cost":"330.67","price":"330.67","trust_kross":0,"count":"1","time":2,"id":"21|OC90|10223|45751|2||330.67|188213844^^^Фильтр масляный^^^330.67","stock":"Cella1160\/2","city_name":"Минск","chance":87,"multiplicity":"1","return":1,"plid":5,"pl_name":"adeo.pro","pl_icon":"\/images\/icons\/adeo-pro_ru.ico","deliverer_online_profile_id":"31","brand_id":"4982","sale_price":"331.00"},{"article":"OC90","brand":"MAHLE","name":"Фильтр масляный","cost":"331.1","price":"331.1","trust_kross":0,"count":"100","time":6,"id":"21|OC90|N_00000002|33421|2||331.1|3107440917^^^Фильтр масляный^^^331.1","stock":"Cella1037\/2","city_name":"Тольятти","chance":78,"multiplicity":"1","return":1,"plid":5,"pl_name":"adeo.pro","pl_icon":"\/images\/icons\/adeo-pro_ru.ico","deliverer_online_profile_id":"31","brand_id":"4982","sale_price":"331.00"},{"article":"OC90","brand":"MAHLE","name":"Фильтр масляный","cost":"334.16","price":"334.16","trust_kross":0,"count":"14","time":2,"id":"21|OC90|N_00000002|97|1||334.16|228230099^^^Фильтр масляный^^^334.16","stock":"Cella089\/1","city_name":"Москва","chance":72,"multiplicity":"1","pp":"Официальный дистрибьютор","return":1,"plid":5,"pl_name":"adeo.pro","pl_icon":"\/images\/icons\/adeo-pro_ru.ico","deliverer_online_profile_id":"31","brand_id":"4982","sale_price":"334.00"},{"article":"OC90","brand":"MAHLE","name":"Фильтр масляный","cost":"334.16","price":"334.16","trust_kross":0,"count":"400","time":2,"id":"21|OC90|N_00000002|97|2||334.16|873971478^^^Фильтр масляный^^^334.16","stock":"Cella089\/2","city_name":"Санкт-Петербург","chance":79,"multiplicity":"1","pp":"Официальный дистрибьютор","return":1,"plid":5,"pl_name":"adeo.pro","pl_icon":"\/images\/icons\/adeo-pro_ru.ico","deliverer_online_profile_id":"31","brand_id":"4982","sale_price":"334.00"},{"article":"OC90","brand":"MAHLE","name":"Фильтр масляный","cost":"339.61","price":"339.61","trust_kross":0,"count":"50","time":1,"id":"21|OC90|N_00000002|58|1||339.61|3089621293^^^Фильтр масляный^^^339.61","stock":"Cella049\/1","city_name":"Москва","chance":87,"multiplicity":"1","return":1,"plid":5,"pl_name":"adeo.pro","pl_icon":"\/images\/icons\/adeo-pro_ru.ico","deliverer_online_profile_id":"31","brand_id":"4982","sale_price":"340.00"},{"article":"OC90","brand":"MAHLE","name":"Фильтр масляный Daewoo Espero, Lanos,Leganza, Nexia, Nubira Opel Astra, Corsa, Vectra","cost":"352","price":"352","trust_kross":0,"count":"500","time":3,"id":"21|OC90|N_00004479|47367|1||352|556146082^^^Фильтр масляный Daewoo Espero, Lanos,Leganza, Nexia, Nubira Opel Astra, Corsa, Vectra^^^352","stock":"Cella1169\/1","city_name":"Минск","chance":82,"multiplicity":"1","pp":"Официальный дистрибьютор","return":1,"plid":5,"pl_name":"adeo.pro","pl_icon":"\/images\/icons\/adeo-pro_ru.ico","deliverer_online_profile_id":"31","brand_id":"4982","sale_price":"352.00"},{"article":"OC90","brand":"MAHLE","name":"Фильтр масляный","cost":"353.1","price":"353.1","trust_kross":0,"count":"1","time":6,"id":"21|OC90|N_00000002|80867|1||353.1|1533565987^^^Фильтр масляный^^^353.1","stock":"Cella1449\/1","city_name":"Новосибирск","chance":80,"multiplicity":"1","return":1,"plid":5,"pl_name":"adeo.pro","pl_icon":"\/images\/icons\/adeo-pro_ru.ico","deliverer_online_profile_id":"31","brand_id":"4982","sale_price":"353.00"},{"article":"OC90","brand":"MAHLE","name":"Масляный фильтр MAHLE ORIGINAL OC 90 (MAHLE) G102 OPEL","cost":"362.61","price":"362.61","trust_kross":0,"count":"100","time":1,"id":"21|OC90|10223|516|1|01438299|362.61|3034928750^^^Масляный фильтр MAHLE ORIGINAL OC 90 (MAHLE) G102 OPEL^^^362.61","stock":"Cella178\/1","city_name":"Минск","chance":94,"multiplicity":"1","return":1,"plid":5,"pl_name":"adeo.pro","pl_icon":"\/images\/icons\/adeo-pro_ru.ico","deliverer_online_profile_id":"31","brand_id":"4982","sale_price":"363.00"},{"article":"OC90","brand":"MAHLE","name":"Фильтр масляный","cost":"362.65","price":"362.65","trust_kross":0,"count":"20","time":3,"id":"21|OC90|N_00004479|13787|3||362.65|2404736302^^^Фильтр масляный^^^362.65","stock":"Cella611\/3","city_name":"Минск","chance":72,"multiplicity":"1","pp":" Центральный склад","return":0,"plid":5,"pl_name":"adeo.pro","pl_icon":"\/images\/icons\/adeo-pro_ru.ico","deliverer_online_profile_id":"31","brand_id":"4982","sale_price":"363.00"},{"article":"OC90","brand":"MAHLE","name":"Фильтр масляный","cost":"363","price":"363","trust_kross":0,"count":"1","time":9,"id":"21|OC90|N_00004479|81959|1||363|2878752523^^^Фильтр масляный^^^363","stock":"Cella1696\/1","city_name":"Екатеринбург","chance":84,"multiplicity":"1","return":1,"plid":5,"pl_name":"adeo.pro","pl_icon":"\/images\/icons\/adeo-pro_ru.ico","deliverer_online_profile_id":"31","brand_id":"4982","sale_price":"363.00"},{"article":"OC90","brand":"MAHLE","name":"Фильтр масляный   90","cost":"365.2","price":"365.2","trust_kross":0,"count":"60","time":9,"id":"21|OC90|N_00000002|66065|3||365.2|4294702374^^^Фильтр масляный   90^^^365.2","stock":"Cella1332\/3","city_name":"Новосибирск","chance":77,"multiplicity":"1","return":1,"plid":5,"pl_name":"adeo.pro","pl_icon":"\/images\/icons\/adeo-pro_ru.ico","deliverer_online_profile_id":"31","brand_id":"4982","sale_price":"365.00"},{"article":"OC90","brand":"MAHLE","name":"Фильтр масляный","cost":"366.1","price":"366.1","trust_kross":0,"count":"10","time":2,"id":"21|OC90|10223|45751|1||366.1|3236371230^^^Фильтр масляный^^^366.1","stock":"Cella1160\/1","city_name":"Минск","chance":88,"multiplicity":"1","return":1,"plid":5,"pl_name":"adeo.pro","pl_icon":"\/images\/icons\/adeo-pro_ru.ico","deliverer_online_profile_id":"31","brand_id":"4982","sale_price":"366.00"},{"article":"OC90","brand":"MAHLE","name":"Фильтр масляный","cost":"371.66","price":"371.66","trust_kross":0,"count":"10","time":4,"id":"21|OC90|N_00000002|81571|26||371.66|3383763264^^^Фильтр масляный^^^371.66","stock":"Cella1465\/26","city_name":"Симферополь","chance":71,"multiplicity":"1","return":1,"plid":5,"pl_name":"adeo.pro","pl_icon":"\/images\/icons\/adeo-pro_ru.ico","deliverer_online_profile_id":"31","brand_id":"4982","sale_price":"372.00"},{"article":"OC90","brand":"MAHLE","name":"Фильтр масляный Daewoo Espero, Lanos,Leganza, Nexia, Nubira Opel Astra, Corsa, Vectra","cost":"374.38","price":"374.38","trust_kross":0,"count":"2","time":4,"id":"21|OC90|10223|82604|2||374.38|2286367716^^^Фильтр масляный Daewoo Espero, Lanos,Leganza, Nexia, Nubira Opel Astra, Corsa, Vectra^^^374.38","stock":"Cella2168\/2","city_name":"Москва","chance":44,"multiplicity":"1","return":0,"plid":5,"pl_name":"adeo.pro","pl_icon":"\/images\/icons\/adeo-pro_ru.ico","deliverer_online_profile_id":"31","brand_id":"4982","sale_price":"374.00"},{"article":"OC90","brand":"MAHLE","name":"Фильтр масляный MAHLE OC 90","cost":"385","price":"385","trust_kross":0,"count":"60","time":10,"id":"21|OC90|N_00004741|81931|1||385|2003135794^^^Фильтр масляный MAHLE OC 90^^^385","stock":"Cella1679\/1","city_name":"Красноярск","chance":56,"multiplicity":"1","return":1,"plid":5,"pl_name":"adeo.pro","pl_icon":"\/images\/icons\/adeo-pro_ru.ico","deliverer_online_profile_id":"31","brand_id":"4982","sale_price":"385.00"},{"article":"OC90","brand":"MAHLE","name":"\u0424\u0438\u043B\u044C\u0442\u0440 масляный CHEVROLET LACETTI\/CAPTIVA","cost":"398.2","price":"398.2","trust_kross":0,"count":">100","time":1,"id":"21|OC90|N_00004741|28926|1||398.2|2599326814^^^Фильтр масляный CHEVROLET LACETTI\/CAPTIVA^^^398.2","stock":"Cella952\/1","city_name":"Санкт-Петербург","chance":94,"multiplicity":"1","pp":"Официальный дистрибьютор","return":1,"plid":5,"pl_name":"adeo.pro","pl_icon":"\/images\/icons\/adeo-pro_ru.ico","deliverer_online_profile_id":"31","brand_id":"4982","sale_price":"398.00"},{"article":"OC90","brand":"MAHLE","name":"\u0424\u0438\u043B\u044C\u0442\u0440 масляный CHEVROLET LACETTI\/CAPTIVA","cost":"403.7","price":"403.7","trust_kross":0,"count":"1","time":0,"id":"21|OC90|N_00004741|82348|1||403.7|3722097286^^^Фильтр масляный CHEVROLET LACETTI\/CAPTIVA^^^403.7","stock":"Cella1934\/1","city_name":"Москва","chance":92,"multiplicity":"1","return":1,"plid":5,"pl_name":"adeo.pro","pl_icon":"\/images\/icons\/adeo-pro_ru.ico","deliverer_online_profile_id":"31","brand_id":"4982","sale_price":"404.00"},{"article":"OC90","brand":"MAHLE","name":"Фильтр масляный","cost":"417.87","price":"417.87","trust_kross":0,"count":"1","time":6,"id":"21|OC90|10223|81571|13||417.87|1784197783^^^Фильтр масляный^^^417.87","stock":"Cella1465\/13","city_name":"Феодосия","chance":93,"multiplicity":"1","return":1,"plid":5,"pl_name":"adeo.pro","pl_icon":"\/images\/icons\/adeo-pro_ru.ico","deliverer_online_profile_id":"31","brand_id":"4982","sale_price":"418.00"},{"article":"OC90","brand":"MAHLE","name":"Фильтр масляный","cost":"451","price":"451","trust_kross":0,"count":"4","time":2,"id":"21|OC90|N_00000002|82001|1||451|3833540591^^^Фильтр масляный^^^451","stock":"Cella1720\/1","city_name":"Псков","chance":91,"multiplicity":"1","pp":"Официальный дистрибьютор","return":1,"plid":5,"pl_name":"adeo.pro","pl_icon":"\/images\/icons\/adeo-pro_ru.ico","deliverer_online_profile_id":"31","brand_id":"4982","sale_price":"451.00"},{"article":"OC90","brand":"MAHLE","name":"\u0424\u0438\u043B\u044C\u0442\u0440 масляный OPEL\/GM\/DAEWOO MAHLE OC90","cost":"466.4","price":"466.4","trust_kross":0,"count":"2","time":2,"id":"21|OC90|N_00000002|82485|1||466.4|3196656200^^^Фильтр масляный OPEL\/GM\/DAEWOO MAHLE OC90^^^466.4","stock":"Cella2060\/1","city_name":"Ярославль","chance":91,"multiplicity":"1","return":1,"plid":5,"pl_name":"adeo.pro","pl_icon":"\/images\/icons\/adeo-pro_ru.ico","deliverer_online_profile_id":"31","brand_id":"4982","sale_price":"466.00"},{"article":"OC90","brand":"MAHLE","name":"\u0424\u0438\u043B\u044C\u0442\u0440 масляный Daewoo Nexia 1995-2016\/Opel Frontera B 1998-2004","cost":"502.74","price":"502.74","trust_kross":0,"count":"2","time":10,"id":"21|OC90|N_00000002|58863|3||502.74|4037908902^^^Фильтр масляный Daewoo Nexia 1995-2016\/Opel Frontera B 1998-2004^^^502.74","stock":"Cella1278\/3","city_name":"Москва","chance":37,"multiplicity":"1","return":1,"plid":5,"pl_name":"adeo.pro","pl_icon":"\/images\/icons\/adeo-pro_ru.ico","deliverer_online_profile_id":"31","brand_id":"4982","sale_price":"503.00"},{"article":"OC90","brand":"MAHLE","name":"Фильтр масляный DAEWOO Nexia CHEVROLET Lanos MAHLE","cost":"558.27","price":"558.27","trust_kross":0,"count":"15","time":1,"id":"21|OC90|N_00000002|8181|3|400443|558.27|3585406818^^^Фильтр масляный DAEWOO Nexia CHEVROLET Lanos MAHLE^^^558.27","stock":"Cella499\/3","city_name":"Москва","chance":95,"multiplicity":"1","return":1,"plid":5,"pl_name":"adeo.pro","pl_icon":"\/images\/icons\/adeo-pro_ru.ico","deliverer_online_profile_id":"31","brand_id":"4982","sale_price":"558.00"},{"article":"OC90","brand":"MAHLE","name":"Фильтр масляный DAEWOO Nexia CHEVROLET Lanos MAHLE","cost":"558.27","price":"558.27","trust_kross":0,"count":"2","time":1,"id":"21|OC90|N_00000002|3934|1|400443|558.27|1335386092^^^Фильтр масляный DAEWOO Nexia CHEVROLET Lanos MAHLE^^^558.27","stock":"Cella396\/1","city_name":"Москва","chance":90,"multiplicity":"1","return":1,"plid":5,"pl_name":"adeo.pro","pl_icon":"\/images\/icons\/adeo-pro_ru.ico","deliverer_online_profile_id":"31","brand_id":"4982","sale_price":"558.00"},{"article":"OC90","brand":"MAHLE","name":"Фильтр масляный DAEWOO Nexia CHEVROLET Lanos MAHLE","cost":"561.06","price":"561.06","trust_kross":0,"count":"6","time":1,"id":"21|OC90|N_00000002|19330|1||561.06|320484898^^^Фильтр масляный DAEWOO Nexia CHEVROLET Lanos MAHLE^^^561.06","stock":"Cella751\/1","city_name":"Москва","chance":54,"multiplicity":"1","pp":"Официальный дистрибьютор","return":1,"plid":5,"pl_name":"adeo.pro","pl_icon":"\/images\/icons\/adeo-pro_ru.ico","deliverer_online_profile_id":"31","brand_id":"4982","sale_price":"561.00"},{"article":"OC90","brand":"MAHLE","name":"\u0424\u0438\u043B\u044C\u0442\u0440 масл.OPEL 1.3-2.5L 85=> \/DAEWOO ESPERO,NEXIA 1.5-2.0L","cost":"584.64","price":"584.64","trust_kross":0,"count":"512","time":2,"id":"21|OC90|N_00004479|81575|1||584.64|1193150375^^^Фильтр масл.OPEL 1.3-2.5L 85=> \/DAEWOO ESPERO,NEXIA 1.5-2.0L^^^584.64","stock":"Cella1467\/1","city_name":"Санкт-Петербург","chance":80,"multiplicity":"1","return":1,"plid":5,"pl_name":"adeo.pro","pl_icon":"\/images\/icons\/adeo-pro_ru.ico","deliverer_online_profile_id":"31","brand_id":"4982","sale_price":"585.00"},{"article":"OC90","brand":"MAHLE","name":"Фильтр масляныи KNECHT OC90","cost":"729.3","price":"729.3","trust_kross":0,"count":"1000","time":60,"id":"21|OC90|N_00004741|82589|1||729.3|812391691^^^Фильтр масляныи KNECHT OC90^^^729.3","stock":"China001\/1","city_name":"Загран.","chance":61,"multiplicity":"1","return":0,"plid":5,"pl_name":"adeo.pro","pl_icon":"\/images\/icons\/adeo-pro_ru.ico","deliverer_online_profile_id":"31","brand_id":"4982","sale_price":"729.00"},{"article":"OC90","brand":"MAHLE","name":"\u0424\u0438\u043B\u044C\u0442\u0440 масляный Daewoo Nexia 1995-2016\/Opel Frontera B 1998-2004","cost":"765.6","price":"765.6","trust_kross":0,"count":"1","time":4,"id":"21|OC90|N_00000002|58863|1||765.6|3265707856^^^Фильтр масляный Daewoo Nexia 1995-2016\/Opel Frontera B 1998-2004^^^765.6","stock":"Cella1278\/1","city_name":"Набережные Челны","chance":48,"multiplicity":"1","return":1,"plid":5,"pl_name":"adeo.pro","pl_icon":"\/images\/icons\/adeo-pro_ru.ico","deliverer_online_profile_id":"31","brand_id":"4982","sale_price":"766.00"},{"article":"OC90","brand":"MAHLE","name":"\u0424\u0438\u043B\u044C\u0442\u0440 масл.Opel Ascona\/Astra\/Omega\/Kadett\/Vectra 1.3-3.0i 85>, Фильтр масл.Opel Ascona\/Astra\/Omega\/Kadett\/Vectra 1.3-3.0i 85>","cost":"1055.23","price":"1055.23","trust_kross":0,"count":"38","time":6,"id":"21|OC90|N_00004479|82494|1||1055.23|773678873^^^Фильтр масл.Opel Ascona\/Astra\/Omega\/Kadett\/Vectra 1.3-3.0i 85>, Фильтр масл.Opel Ascona\/Astra\/Omega\/Kadett\/Vectra 1.3-3.0i 85>^^^1055.23","stock":"Cella2067\/1","city_name":"Ярославль","chance":59,"multiplicity":"1","return":1,"plid":5,"pl_name":"adeo.pro","pl_icon":"\/images\/icons\/adeo-pro_ru.ico","deliverer_online_profile_id":"31","brand_id":"4982","sale_price":"1055.00"},{"article":"OC90","brand":"MAHLE","name":"Oil filter","cost":"1076.78","price":"1076.78","trust_kross":0,"count":"30","time":26,"id":"21|OC90|N_00004741|82664|1||1076.78|1904067245^^^Oil filter^^^1076.78","stock":"EU048\/1","city_name":"Загран.","chance":72,"multiplicity":"1","return":0,"plid":5,"pl_name":"adeo.pro","pl_icon":"\/images\/icons\/adeo-pro_ru.ico","deliverer_online_profile_id":"31","brand_id":"4982","sale_price":"1077.00"},{"article":"OC90","brand":"MAHLE","name":"Фильтр масляный","cost":"1369.37","price":"1369.37","trust_kross":0,"count":"143","time":29,"id":"21|OC90|N_00004741|82048|2||1369.37|278550799^^^Фильтр масляный^^^1369.37","stock":"Emi025\/2","city_name":"Загран.","chance":29,"multiplicity":"1","return":0,"plid":5,"pl_name":"adeo.pro","pl_icon":"\/images\/icons\/adeo-pro_ru.ico","deliverer_online_profile_id":"31","brand_id":"4982","sale_price":"1369.00"}],"authorized":"OK","search_str":"OC90","res_res":{"8deeed019bf11b":{"14":{"result":null,"status":5,"searchstring":"OC90","brands":"KNECHTMAHLE","AccountId":"0","errors":""},"5":{"result":[{"brand":"KNECHT","article":"OC90","name":"OC90 Фильтр масляный MAHLE Россия","cost":"292.84","count":"101","time":"2 д.","stock":"Cella915\/3","city":"Смоленск","warning":"Возврат без уценки","multiplicity":"1","chance":88,"id":"21|OC90|34|26781|3||292.84|3350771769^^^OC90 Фильтр масляный MAHLE Россия^^^292.84"},{"brand":"KNECHT","article":"OC90","name":"Фильтр масляный","cost":"330","count":"1","time":"4 д.","stock":"Cella1487\/1","city":"Тольятти","warning":"Возврат невозможен","return":false,"multiplicity":"1","chance":89,"id":"21|OC90|N_00004488|81607|1||330|679070959^^^Фильтр масляный^^^330"},{"brand":"KNECHT","article":"OC90","name":"\u0424\u0438\u043B\u044C\u0442\u0440 масляный OPEL\/GM\/DAEWOO","cost":"331.1","count":"7","time":"4 д.","stock":"Cella1487\/2","city":"Тольятти","warning":"Возврат невозможен","return":false,"multiplicity":"1","chance":93,"id":"21|OC90|N_00004488|81607|2||331.1|3749265404^^^Фильтр масляный OPEL\/GM\/DAEWOO^^^331.1"},{"brand":"KNECHT","article":"OC90","name":"фильтр масляный","cost":"339.25","count":"35","time":"1 д.","stock":"Cella327\/2","city":"Москва","warning":[],"multiplicity":"1","chance":78,"id":"21|OC90|N_00004488|2795|2||339.25|2242304064^^^фильтр масляный^^^339.25"},{"brand":"KNECHT","article":"OC90","name":"OC90 Фильтр масляный MAHLE Россия","cost":"372.67","count":"10","time":"3 д.","stock":"Cella915\/2","city":"Смоленск","warning":"Возврат без уценки","multiplicity":"1","chance":81,"id":"21|OC90|34|26781|2||372.67|2737159562^^^OC90 Фильтр масляный MAHLE Россия^^^372.67"},{"brand":"KNECHT","article":"OC90","name":"\u0444\u0438\u043B\u044C\u0442\u0440 масляный Opel Ascona\/Astra\/Omega\/Kadett\/Vectra 1.3-3.0i 85>","cost":"599.82","count":"1150","time":"54 д.","stock":"EU033\/1","city":"Загран.","warning":"\u041E\u0442\u043C\u0435\u043D\u0430 заказа после отправки поставщику невозможна\n            Возврат невозможен","return":false,"multiplicity":"1","chance":33,"id":"21|OC90|34|81751|1||599.82|1447318539^^^фильтр масляный Opel Ascona\/Astra\/Omega\/Kadett\/Vectra 1.3-3.0i 85>^^^599.82"},{"brand":"MAHLE","article":"OC90","name":"Фильтр масляный","cost":"267.3","count":"500","time":"2 д.","stock":"Cella1169\/2","city":"Москва","warning":"Возврат без уценки","pp":"Официальный дистрибьютор","multiplicity":"1","chance":88,"id":"21|OC90|N_00004479|47367|2||267.3|2913511943^^^Фильтр масляный^^^267.3"},{"brand":"MAHLE","article":"OC90","name":"Фильтр масляный","cost":"283.34","count":"462","time":"1 д.","stock":"Cella1336\/1","city":"Москва","warning":"Возврат без уценки","multiplicity":"1","chance":83,"id":"21|OC90|N_00004479|66356|1||283.34|3879300629^^^Фильтр масляный^^^283.34"},{"brand":"MAHLE","article":"OC90","name":"Фильтр масляный CHEVROLET: AVEO хечбэк 08-, AVEO седан 06-, CAPTIVA 06-, EVANDA 05-, KALOS 05-, KALOS седан 05-, LACETTI 05-, NUBIRA седан 05-, NUBIRA универсал","cost":"293.54","count":">50","time":"В наличии","stock":"Cella456\/1","city":"Москва","warning":"\u041E\u0442\u043C\u0435\u043D\u0430 заказа после отправки поставщику невозможна\n            Возврат без уценки","pp":"Официальный дистрибьютор","multiplicity":"1","chance":95,"id":"21|OC90|N_00000002|5989|1||293.54|2496347706^^^Фильтр масляный CHEVROLET: AVEO хечбэк 08-, AVEO седан 06-, CAPTIVA 06-, EVANDA 05-, KALOS 05-, KALOS седан 05-, LACETTI 05-, NUBIRA седан 05-, NUBIRA универсал^^^293.54"},{"brand":"MAHLE","article":"OC90","name":"Маслянный фильтр","cost":"295.03","count":"25","time":"В наличии","stock":"Cella139\/1","city":"Смоленск","warning":"Возврат без уценки","multiplicity":"1","chance":94,"id":"21|OC90|N_00000002|81812|1||295.03|1710383927^^^Маслянный фильтр^^^295.03"},{"brand":"MAHLE","article":"OC90","name":"Фильтр масляный","cost":"295.03","count":"4","time":"3 д.","stock":"Cella139\/2","city":"Смоленск","warning":"Возврат без уценки","multiplicity":"1","chance":81,"id":"21|OC90|N_00000002|81812|2||295.03|1551851506^^^Фильтр масляный^^^295.03"},{"brand":"MAHLE","article":"OC90","name":"Фильтр масляный","cost":"306.67","count":"1","time":"3 д.","stock":"Cella139\/4","city":"Смоленск","warning":"Возврат без уценки","multiplicity":"1","chance":89,"id":"21|OC90|N_00000002|81812|4||306.67|2863356893^^^Фильтр масляный^^^306.67"},{"brand":"MAHLE","article":"OC90","name":"Фильтр масляный","cost":"306.67","count":"100","time":"В наличии","stock":"Cella055\/1","city":"Москва","warning":"Возврат без уценки","pp":"Официальный дистрибьютор","multiplicity":"1","chance":88,"id":"21|OC90|N_00000002|64|1||306.67|855862953^^^Фильтр масляный^^^306.67"},{"brand":"MAHLE","article":"OC90","name":"\u0424\u0438\u043B\u044C\u0442\u0440 масляный Chevrolet Aveo 1.4 06>, Captiva 2.4 06>, Cruze 1.6 09>, Lacetti 1.4-1.8 05>, Lanos 1.4-1.6 05>, Rezzo 1.6-2.0 05> \/ Daewoo Espero 1.5-2.0, Leganza 2.0 97>, Nexia 1.5 95> \/ Opel Astra F\/G 1.4-2.0 >04","cost":"323.18","count":"100","time":"2 д.","stock":"Cella1725\/1","city":"Ростов-на-Дону","warning":"Возврат без уценки","multiplicity":"1","chance":91,"id":"21|OC90|N_00000002|82009|1|AS000015361|323.18|3576077823^^^Фильтр масляный Chevrolet Aveo 1.4 06>, Captiva 2.4 06>, Cruze 1.6 09>, Lacetti 1.4-1.8 05>, Lanos 1.4-1.6 05>, Rezzo 1.6-2.0 05> \/ Daewoo Espero 1.5-2.0, Leganza 2.0 97>, Nexia 1.5 95> \/ Opel Astra F\/G 1.4-2.0 >04^^^323.18"},{"brand":"MAHLE","article":"OC90","name":"Фильтр масляный CHEVROLET: AVEO хечбэк 08-, AVEO седан 06-, CAPTIVA 06-, EVANDA 05-, KALOS 05-, KALOS седан 05-, LACETTI 05-, NUBIRA седан 05-, NUBIRA","cost":"328.01","count":"300","time":"3 д.","stock":"Cella1185\/1","city":"Минск","warning":"Возврат без уценки","multiplicity":"1","chance":85,"id":"21|OC90|10223|48749|1||328.01|3821733900^^^Фильтр масляный CHEVROLET: AVEO хечбэк 08-, AVEO седан 06-, CAPTIVA 06-, EVANDA 05-, KALOS 05-, KALOS седан 05-, LACETTI 05-, NUBIRA седан 05-, NUBIRA^^^328.01"},{"brand":"MAHLE","article":"OC90","name":"Фильтр масляный","cost":"328.14","count":"1","time":"2 д.","stock":"Cella2005\/2","city":"Санкт-Петербург","warning":"Возврат невозможен","return":false,"multiplicity":"1","chance":86,"id":"21|OC90|N_00000002|82425|2||328.14|764975658^^^Фильтр масляный^^^328.14"},{"brand":"MAHLE","article":"OC90","name":"Фильтр масляный OC90","cost":"330","count":"4","time":"1 д.","stock":"Cella1507\/1","city":"Москва","warning":"Возврат без уценки","multiplicity":"1","chance":97,"id":"21|OC90|N_00000002|81637|1||330|2876476798^^^Фильтр масляный OC90^^^330"},{"brand":"MAHLE","article":"OC90","name":"Фильтр масляный","cost":"330.67","count":"1","time":"2 д.","stock":"Cella1160\/2","city":"Минск","warning":"Возврат без уценки ВНИМАНИЕ!!! Заявки на возврат по причине отказа клиента принимаются в течение 7 дней с момента прихода товара на склад Адео.про.","multiplicity":"1","chance":87,"id":"21|OC90|10223|45751|2||330.67|188213844^^^Фильтр масляный^^^330.67"},{"brand":"MAHLE","article":"OC90","name":"Фильтр масляный","cost":"331.1","count":"100","time":"6 д.","stock":"Cella1037\/2","city":"Тольятти","warning":"Возврат без уценки","multiplicity":"1","chance":78,"id":"21|OC90|N_00000002|33421|2||331.1|3107440917^^^Фильтр масляный^^^331.1"},{"brand":"MAHLE","article":"OC90","name":"Фильтр масляный","cost":"334.16","count":"14","time":"2 д.","stock":"Cella089\/1","city":"Москва","warning":"\u041E\u0442\u043C\u0435\u043D\u0430 заказа после отправки поставщику невозможна\n            Возврат без уценки","pp":"Официальный дистрибьютор","multiplicity":"1","chance":72,"id":"21|OC90|N_00000002|97|1||334.16|228230099^^^Фильтр масляный^^^334.16"},{"brand":"MAHLE","article":"OC90","name":"Фильтр масляный","cost":"334.16","count":"400","time":"2 д.","stock":"Cella089\/2","city":"Санкт-Петербург","warning":"\u041E\u0442\u043C\u0435\u043D\u0430 заказа после отправки поставщику невозможна\n            Возврат без уценки","pp":"Официальный дистрибьютор","multiplicity":"1","chance":79,"id":"21|OC90|N_00000002|97|2||334.16|873971478^^^Фильтр масляный^^^334.16"},{"brand":"MAHLE","article":"OC90","name":"Фильтр масляный","cost":"339.61","count":"50","time":"1 д.","stock":"Cella049\/1","city":"Москва","warning":"Возврат без уценки","multiplicity":"1","chance":87,"id":"21|OC90|N_00000002|58|1||339.61|3089621293^^^Фильтр масляный^^^339.61"},{"brand":"MAHLE","article":"OC90","name":"Фильтр масляный Daewoo Espero, Lanos,Leganza, Nexia, Nubira Opel Astra, Corsa, Vectra","cost":"352","count":"500","time":"3 д.","stock":"Cella1169\/1","city":"Минск","warning":"Возврат без уценки","pp":"Официальный дистрибьютор","multiplicity":"1","chance":82,"id":"21|OC90|N_00004479|47367|1||352|556146082^^^Фильтр масляный Daewoo Espero, Lanos,Leganza, Nexia, Nubira Opel Astra, Corsa, Vectra^^^352"},{"brand":"MAHLE","article":"OC90","name":"Фильтр масляный","cost":"353.1","count":"1","time":"6 д.","stock":"Cella1449\/1","city":"Новосибирск","warning":"Возврат без уценки","multiplicity":"1","chance":80,"id":"21|OC90|N_00000002|80867|1||353.1|1533565987^^^Фильтр масляный^^^353.1"},{"brand":"MAHLE","article":"OC90","name":"Масляный фильтр MAHLE ORIGINAL OC 90 (MAHLE) G102 OPEL","cost":"362.61","count":"100","time":"1 д.","stock":"Cella178\/1","city":"Минск","warning":"Возврат без уценки","multiplicity":"1","chance":94,"id":"21|OC90|10223|516|1|01438299|362.61|3034928750^^^Масляный фильтр MAHLE ORIGINAL OC 90 (MAHLE) G102 OPEL^^^362.61"},{"brand":"MAHLE","article":"OC90","name":"Фильтр масляный","cost":"362.65","count":"20","time":"3 д.","stock":"Cella611\/3","city":"Минск","warning":"\u0426\u0421\n            Отмена заказа после отправки поставщику невозможна\n            Возврат невозможен","return":false,"pp":" Центральный склад","multiplicity":"1","chance":72,"id":"21|OC90|N_00004479|13787|3||362.65|2404736302^^^Фильтр масляный^^^362.65"},{"brand":"MAHLE","article":"OC90","name":"Фильтр масляный","cost":"363","count":"1","time":"9 д.","stock":"Cella1696\/1","city":"Екатеринбург","warning":"Возврат без уценки","multiplicity":"1","chance":84,"id":"21|OC90|N_00004479|81959|1||363|2878752523^^^Фильтр масляный^^^363"},{"brand":"MAHLE","article":"OC90","name":"Фильтр масляный   90","cost":"365.2","count":"60","time":"9 д.","stock":"Cella1332\/3","city":"Новосибирск","warning":"Возврат без уценки","multiplicity":"1","chance":77,"id":"21|OC90|N_00000002|66065|3||365.2|4294702374^^^Фильтр масляный   90^^^365.2"},{"brand":"MAHLE","article":"OC90","name":"Фильтр масляный","cost":"366.1","count":"10","time":"2 д.","stock":"Cella1160\/1","city":"Минск","warning":"Возврат без уценки","multiplicity":"1","chance":88,"id":"21|OC90|10223|45751|1||366.1|3236371230^^^Фильтр масляный^^^366.1"},{"brand":"MAHLE","article":"OC90","name":"Фильтр масляный","cost":"371.66","count":"10","time":"4 д.","stock":"Cella1465\/26","city":"Симферополь","warning":"Возврат без уценки К возврату не подлежат электрические части и тех. жидкости, в том числе и масла.","multiplicity":"1","chance":71,"id":"21|OC90|N_00000002|81571|26||371.66|3383763264^^^Фильтр масляный^^^371.66"},{"brand":"MAHLE","article":"OC90","name":"Фильтр масляный Daewoo Espero, Lanos,Leganza, Nexia, Nubira Opel Astra, Corsa, Vectra","cost":"374.38","count":"2","time":"4 д.","stock":"Cella2168\/2","city":"Москва","warning":"Возврат невозможен","return":false,"multiplicity":"1","chance":44,"id":"21|OC90|10223|82604|2||374.38|2286367716^^^Фильтр масляный Daewoo Espero, Lanos,Leganza, Nexia, Nubira Opel Astra, Corsa, Vectra^^^374.38"},{"brand":"MAHLE","article":"OC90","name":"Фильтр масляный MAHLE OC 90","cost":"385","count":"60","time":"10 д.","stock":"Cella1679\/1","city":"Красноярск","warning":"Возврат без уценки","multiplicity":"1","chance":56,"id":"21|OC90|N_00004741|81931|1||385|2003135794^^^Фильтр масляный MAHLE OC 90^^^385"},{"brand":"MAHLE","article":"OC90","name":"\u0424\u0438\u043B\u044C\u0442\u0440 масляный CHEVROLET LACETTI\/CAPTIVA","cost":"398.2","count":">100","time":"1 д.","stock":"Cella952\/1","city":"Санкт-Петербург","warning":"Возврат без уценки","pp":"Официальный дистрибьютор","multiplicity":"1","chance":94,"id":"21|OC90|N_00004741|28926|1||398.2|2599326814^^^Фильтр масляный CHEVROLET LACETTI\/CAPTIVA^^^398.2"},{"brand":"MAHLE","article":"OC90","name":"\u0424\u0438\u043B\u044C\u0442\u0440 масляный CHEVROLET LACETTI\/CAPTIVA","cost":"403.7","count":"1","time":"В наличии","stock":"Cella1934\/1","city":"Москва","warning":"Возврат без уценки","multiplicity":"1","chance":92,"id":"21|OC90|N_00004741|82348|1||403.7|3722097286^^^Фильтр масляный CHEVROLET LACETTI\/CAPTIVA^^^403.7"},{"brand":"MAHLE","article":"OC90","name":"Фильтр масляный","cost":"417.87","count":"1","time":"6 д.","stock":"Cella1465\/13","city":"Феодосия","warning":"Возврат без уценки","multiplicity":"1","chance":93,"id":"21|OC90|10223|81571|13||417.87|1784197783^^^Фильтр масляный^^^417.87"},{"brand":"MAHLE","article":"OC90","name":"Фильтр масляный","cost":"451","count":"4","time":"2 д.","stock":"Cella1720\/1","city":"Псков","warning":"Возврат без уценки","pp":"Официальный дистрибьютор","multiplicity":"1","chance":91,"id":"21|OC90|N_00000002|82001|1||451|3833540591^^^Фильтр масляный^^^451"},{"brand":"MAHLE","article":"OC90","name":"\u0424\u0438\u043B\u044C\u0442\u0440 масляный OPEL\/GM\/DAEWOO MAHLE OC90","cost":"466.4","count":"2","time":"2 д.","stock":"Cella2060\/1","city":"Ярославль","warning":"Возврат без уценки","multiplicity":"1","chance":91,"id":"21|OC90|N_00000002|82485|1||466.4|3196656200^^^Фильтр масляный OPEL\/GM\/DAEWOO MAHLE OC90^^^466.4"},{"brand":"MAHLE","article":"OC90","name":"\u0424\u0438\u043B\u044C\u0442\u0440 масляный Daewoo Nexia 1995-2016\/Opel Frontera B 1998-2004","cost":"502.74","count":"2","time":"10 д.","stock":"Cella1278\/3","city":"Москва","warning":"\u041E\u0442\u043C\u0435\u043D\u0430 заказа после отправки поставщику невозможна\n            Возврат без уценки","multiplicity":"1","chance":37,"id":"21|OC90|N_00000002|58863|3||502.74|4037908902^^^Фильтр масляный Daewoo Nexia 1995-2016\/Opel Frontera B 1998-2004^^^502.74"},{"brand":"MAHLE","article":"OC90","name":"Фильтр масляный DAEWOO Nexia CHEVROLET Lanos MAHLE","cost":"558.27","count":"15","time":"1 д.","stock":"Cella499\/3","city":"Москва","warning":"Возврат без уценки","multiplicity":"1","chance":95,"id":"21|OC90|N_00000002|8181|3|400443|558.27|3585406818^^^Фильтр масляный DAEWOO Nexia CHEVROLET Lanos MAHLE^^^558.27"},{"brand":"MAHLE","article":"OC90","name":"Фильтр масляный DAEWOO Nexia CHEVROLET Lanos MAHLE","cost":"558.27","count":"2","time":"1 д.","stock":"Cella396\/1","city":"Москва","warning":"Возврат без уценки","multiplicity":"1","chance":90,"id":"21|OC90|N_00000002|3934|1|400443|558.27|1335386092^^^Фильтр масляный DAEWOO Nexia CHEVROLET Lanos MAHLE^^^558.27"},{"brand":"MAHLE","article":"OC90","name":"Фильтр масляный DAEWOO Nexia CHEVROLET Lanos MAHLE","cost":"561.06","count":"6","time":"1 д.","stock":"Cella751\/1","city":"Москва","warning":"Возврат без уценки","pp":"Официальный дистрибьютор","multiplicity":"1","chance":54,"id":"21|OC90|N_00000002|19330|1||561.06|320484898^^^Фильтр масляный DAEWOO Nexia CHEVROLET Lanos MAHLE^^^561.06"},{"brand":"MAHLE","article":"OC90","name":"\u0424\u0438\u043B\u044C\u0442\u0440 масл.OPEL 1.3-2.5L 85=> \/DAEWOO ESPERO,NEXIA 1.5-2.0L","cost":"584.64","count":"512","time":"2 д.","stock":"Cella1467\/1","city":"Санкт-Петербург","warning":"Возврат без уценки","multiplicity":"1","chance":80,"id":"21|OC90|N_00004479|81575|1||584.64|1193150375^^^Фильтр масл.OPEL 1.3-2.5L 85=> \/DAEWOO ESPERO,NEXIA 1.5-2.0L^^^584.64"},{"brand":"MAHLE","article":"OC90","name":"Фильтр масляныи KNECHT OC90","cost":"729.3","count":"1000","time":"60 д.","stock":"China001\/1","city":"Загран.","warning":"\u041E\u0442\u043C\u0435\u043D\u0430 заказа после отправки поставщику невозможна\n            Возврат невозможен","return":false,"multiplicity":"1","chance":61,"id":"21|OC90|N_00004741|82589|1||729.3|812391691^^^Фильтр масляныи KNECHT OC90^^^729.3"},{"brand":"MAHLE","article":"OC90","name":"\u0424\u0438\u043B\u044C\u0442\u0440 масляный Daewoo Nexia 1995-2016\/Opel Frontera B 1998-2004","cost":"765.6","count":"1","time":"4 д.","stock":"Cella1278\/1","city":"Набережные Челны","warning":"Возврат без уценки","multiplicity":"1","chance":48,"id":"21|OC90|N_00000002|58863|1||765.6|3265707856^^^Фильтр масляный Daewoo Nexia 1995-2016\/Opel Frontera B 1998-2004^^^765.6"},{"brand":"MAHLE","article":"OC90","name":"\u0424\u0438\u043B\u044C\u0442\u0440 масл.Opel Ascona\/Astra\/Omega\/Kadett\/Vectra 1.3-3.0i 85>, Фильтр масл.Opel Ascona\/Astra\/Omega\/Kadett\/Vectra 1.3-3.0i 85>","cost":"1055.23","count":"38","time":"6 д.","stock":"Cella2067\/1","city":"Ярославль","warning":"Возврат без уценки","multiplicity":"1","chance":59,"id":"21|OC90|N_00004479|82494|1||1055.23|773678873^^^Фильтр масл.Opel Ascona\/Astra\/Omega\/Kadett\/Vectra 1.3-3.0i 85>, Фильтр масл.Opel Ascona\/Astra\/Omega\/Kadett\/Vectra 1.3-3.0i 85>^^^1055.23"},{"brand":"MAHLE","article":"OC90","name":"Oil filter","cost":"1076.78","count":"30","time":"26 д.","stock":"EU048\/1","city":"Загран.","warning":"\u041E\u0442\u043C\u0435\u043D\u0430 заказа после отправки поставщику невозможна\n            Возврат невозможен","return":false,"multiplicity":"1","chance":72,"id":"21|OC90|N_00004741|82664|1||1076.78|1904067245^^^Oil filter^^^1076.78"},{"brand":"MAHLE","article":"OC90","name":"Фильтр масляный","cost":"1369.37","count":"143","time":"29 д.","stock":"Emi025\/2","city":"Загран.","warning":"\u041E\u0442\u043C\u0435\u043D\u0430 заказа после отправки поставщику невозможна\n            Возврат невозможен ВНИМАНИЕ!!! Товар находится заграницей. Возможны задержки с ответами\/\u043E\u0442\u043A\u0430\u0437\u0430\u043C\u0438, а также увеличение сроков поставки!","return":false,"multiplicity":"1","chance":29,"id":"21|OC90|N_00004741|82048|2||1369.37|278550799^^^Фильтр масляный^^^1369.37"}],"status":5,"searchstring":"OC90","brands":"KNECHTMAHLE","AccountId":"0","errors":""},"3":{"result":"","status":"4","AccountId":"0","errors":" Невозможно войти: проверьте правильность ввода имени пользователя и пароля;"},"7":{"result":"","status":"4","AccountId":"0","errors":" Невозможно войти: проверьте правильность ввода имени пользователя и пароля;"}}},"plugin_statuses":{"14":{"status":5,"errors":""},"5":{"status":5,"errors":""},"3":{"status":"4","errors":" Невозможно войти: проверьте правильность ввода имени пользователя и пароля;"},"7":{"status":"4","errors":" Невозможно войти: проверьте правильность ввода имени пользователя и пароля;"}},"msg":"","reqid":"8deeed019bf11b"}
2026-07-31 09:48:26 === search_sort1 called ===
2026-07-31 09:48:26 request: {}
2026-07-31 09:48:26 SESSION user_id=66 main_company=231
2026-07-31 09:48:26 skey=e3d24476cde892e481036bd8f40fc161 mainhost=192.168.39.13
2026-07-31 09:48:26 get_results response: {"8deeed019bf11b":{"end_search":1}}
2026-07-31 09:48:26 get_results res_str: stdClass Object
(
    [8deeed019bf11b] => stdClass Object
        (
            [end_search] => 1
        )

)

2026-07-31 09:48:26 end_search==1 -> searchstatus=end
2026-07-31 09:48:26 RETURN: {"status":"ok","items":"","authorized":"OK","search_str":"OC90","res_res":{"8deeed019bf11b":{"end_search":1}},"msg":"","reqid":"8deeed019bf11b","searchstatus":"end"}
2026-08-03 17:25:36 === search_sort1 called ===
2026-08-03 17:25:36 request: {}
2026-08-03 17:25:36 SESSION user_id=66 main_company=231
2026-08-03 17:25:36 skey=a4ad1cde45fac47e97232fa1dbcc7b71 mainhost=192.168.39.13
2026-08-03 17:25:36 new_search=1 config_values count=4
2026-08-03 17:25:37 newsearch response: {"8def16b7ff93b2":{"3":{"status":1,"errors":""},"5":{"status":1,"errors":""},"7":{"status":1,"errors":""},"14":{"status":1,"errors":""}}}
2026-08-03 17:25:37 res_str: stdClass Object
(
    [8def16b7ff93b2] => stdClass Object
        (
            [3] => stdClass Object
                (
                    [status] => 1
                    [errors] => 
                )

            [5] => stdClass Object
                (
                    [status] => 1
                    [errors] => 
                )

            [7] => stdClass Object
                (
                    [status] => 1
                    [errors] => 
                )

            [14] => stdClass Object
                (
                    [status] => 1
                    [errors] => 
                )

        )

)

2026-08-03 17:25:37 RETURN: {"status":"ok","items":"","plugins_started":[{"plugin_id":"3","name":"mikado-parts.ru","icon":"\/images\/icons\/mikado_parts_ru.ico"},{"plugin_id":"5","name":"adeo.pro","icon":"\/images\/icons\/adeo-pro_ru.ico"},{"plugin_id":"7","name":"autoeuro.ru","icon":"\/images\/icons\/autoeuro_ru.ico"},{"plugin_id":"14","name":"abstd.ru","icon":"\/images\/icons\/abs-auto_ru.ico"}],"authorized":"OK","search_str":"OC90","res_res":{"8def16b7ff93b2":{"3":{"status":1,"errors":""},"5":{"status":1,"errors":""},"7":{"status":1,"errors":""},"14":{"status":1,"errors":""}}},"msg":"","reqid":"8def16b7ff93b2"}
2026-08-03 17:25:40 === search_sort1 called ===
2026-08-03 17:25:40 request: {}
2026-08-03 17:25:40 SESSION user_id=66 main_company=231
2026-08-03 17:25:40 skey=a4ad1cde45fac47e97232fa1dbcc7b71 mainhost=192.168.39.13
2026-08-03 17:25:40 get_results response: {"8def16b7ff93b2":{"14":{"result":null,"status":5,"searchstring":"OC90","brands":"KNECHTMAHLE","AccountId":"0","errors":""},"5":{"result":[{"brand":"KNECHT","article":"OC90","name":"OC90 \u0424\u0438\u043b\u044c\u0442\u0440 \u043c\u0430\u0441\u043b\u044f\u043d\u044b\u0439 MAHLE \u0420\u043e\u0441\u0441\u0438\u044f","cost":"289.98","count":"101","time":"2 \u0434.","stock":"Cella915\/3","city":"\u0421\u043c\u043e\u043b\u0435\u043d\u0441\u043a","warning":"\u0412\u043e\u0437\u0432\u0440\u0430\u0442 \u0431\u0435\u0437 \u0443\u0446\u0435\u043d\u043a\u0438","multiplicity":"1","chance":88,"id":"37|OC90|34|26781|3||289.98|2981274067^^^OC90 \u0424\u0438\u043b\u044c\u0442\u0440 \u043c\u0430\u0441\u043b\u044f\u043d\u044b\u0439 MAHLE \u0420\u043e\u0441\u0441\u0438\u044f^^^289.98"},{"brand":"KNECHT","article":"OC90","name":"\u0424\u0438\u043b\u044c\u0442\u0440 \u043c\u0430\u0441\u043b\u044f\u043d\u044b\u0439 OPEL\/GM\/DAEWOO","cost":"331.1","count":"5","time":"4 \u0434.","stock":"Cella1487\/2","city":"\u0422\u043e\u043b\u044c\u044f\u0442\u0442\u0438","warning":"\u0412\u043e\u0437\u0432\u0440\u0430\u0442 \u043d\u0435\u0432\u043e\u0437\u043c\u043e\u0436\u0435\u043d","return":false,"multiplicity":"1","chance":93,"id":"37|OC90|N_00004488|81607|2||331.1|2697246768^^^\u0424\u0438\u043b\u044c\u0442\u0440 \u043c\u0430\u0441\u043b\u044f\u043d\u044b\u0439 OPEL\/GM\/DAEWOO^^^331.1"},{"brand":"KNECHT","article":"OC90","name":"\u0424\u0438\u043b\u044c\u0442\u0440 \u043c\u0430\u0441\u043b\u044f\u043d\u044b\u0439","cost":"331.1","count":"2","time":"4 \u0434.","stock":"Cella1487\/1","city":"\u0422\u043e\u043b\u044c\u044f\u0442\u0442\u0438","warning":"\u0412\u043e\u0437\u0432\u0440\u0430\u0442 \u043d\u0435\u0432\u043e\u0437\u043c\u043e\u0436\u0435\u043d","return":false,"multiplicity":"1","chance":89,"id":"37|OC90|N_00004488|81607|1||331.1|776716243^^^\u0424\u0438\u043b\u044c\u0442\u0440 \u043c\u0430\u0441\u043b\u044f\u043d\u044b\u0439^^^331.1"},{"brand":"KNECHT","article":"OC90","name":"\u0444\u0438\u043b\u044c\u0442\u0440 \u043c\u0430\u0441\u043b\u044f\u043d\u044b\u0439","cost":"339.39","count":"35","time":"1 \u0434.","stock":"Cella327\/2","city":"\u041c\u043e\u0441\u043a\u0432\u0430","warning":[],"multiplicity":"1","chance":79,"id":"37|OC90|N_00004488|2795|2||339.39|3937805030^^^\u0444\u0438\u043b\u044c\u0442\u0440 \u043c\u0430\u0441\u043b\u044f\u043d\u044b\u0439^^^339.39"},{"brand":"KNECHT","article":"OC90","name":"OC90 \u0424\u0438\u043b\u044c\u0442\u0440 \u043c\u0430\u0441\u043b\u044f\u043d\u044b\u0439 MAHLE \u0420\u043e\u0441\u0441\u0438\u044f","cost":"369.06","count":"10","time":"3 \u0434.","stock":"Cella915\/2","city":"\u0421\u043c\u043e\u043b\u0435\u043d\u0441\u043a","warning":"\u0412\u043e\u0437\u0432\u0440\u0430\u0442 \u0431\u0435\u0437 \u0443\u0446\u0435\u043d\u043a\u0438","multiplicity":"1","chance":81,"id":"37|OC90|34|26781|2||369.06|3839839770^^^OC90 \u0424\u0438\u043b\u044c\u0442\u0440 \u043c\u0430\u0441\u043b\u044f\u043d\u044b\u0439 MAHLE \u0420\u043e\u0441\u0441\u0438\u044f^^^369.06"},{"brand":"KNECHT","article":"OC90","name":"OC90 \u0424\u0438\u043b\u044c\u0442\u0440 \u043c\u0430\u0441\u043b\u044f\u043d\u044b\u0439 MAHLE \u0420\u043e\u0441\u0441\u0438\u044f","cost":"431.65","count":"19","time":"10 \u0434.","stock":"EU021\/3","city":"\u0417\u0430\u0433\u0440\u0430\u043d.","warning":"\u041e\u0442\u043c\u0435\u043d\u0430 \u0437\u0430\u043a\u0430\u0437\u0430 \u043f\u043e\u0441\u043b\u0435 \u043e\u0442\u043f\u0440\u0430\u0432\u043a\u0438 \u043f\u043e\u0441\u0442\u0430\u0432\u0449\u0438\u043a\u0443 \u043d\u0435\u0432\u043e\u0437\u043c\u043e\u0436\u043d\u0430\n            \u0412\u043e\u0437\u0432\u0440\u0430\u0442 \u043d\u0435\u0432\u043e\u0437\u043c\u043e\u0436\u0435\u043d \u0412\u041d\u0418\u041c\u0410\u041d\u0418\u0415!!! \u0422\u043e\u0432\u0430\u0440 \u043d\u0430\u0445\u043e\u0434\u0438\u0442\u0441\u044f \u0437\u0430\u0433\u0440\u0430\u043d\u0438\u0446\u0435\u0439. \u0412\u043e\u0437\u043c\u043e\u0436\u043d\u043e \u0443\u0432\u0435\u043b\u0438\u0447\u0435\u043d\u0438\u0435 \u0441\u0440\u043e\u043a\u043e\u0432 \u043f\u043e\u0441\u0442\u0430\u0432\u043a\u0438!","return":false,"multiplicity":"1","chance":70,"id":"37|OC90|34|56438|3||431.65|11715101^^^OC90 \u0424\u0438\u043b\u044c\u0442\u0440 \u043c\u0430\u0441\u043b\u044f\u043d\u044b\u0439 MAHLE \u0420\u043e\u0441\u0441\u0438\u044f^^^431.65"},{"brand":"KNECHT","article":"OC90","name":"\u0444\u0438\u043b\u044c\u0442\u0440 \u043c\u0430\u0441\u043b\u044f\u043d\u044b\u0439 Opel Ascona\/Astra\/Omega\/Kadett\/Vectra 1.3-3.0i 85>","cost":"599.82","count":"1150","time":"54 \u0434.","stock":"EU033\/1","city":"\u0417\u0430\u0433\u0440\u0430\u043d.","warning":"\u041e\u0442\u043c\u0435\u043d\u0430 \u0437\u0430\u043a\u0430\u0437\u0430 \u043f\u043e\u0441\u043b\u0435 \u043e\u0442\u043f\u0440\u0430\u0432\u043a\u0438 \u043f\u043e\u0441\u0442\u0430\u0432\u0449\u0438\u043a\u0443 \u043d\u0435\u0432\u043e\u0437\u043c\u043e\u0436\u043d\u0430\n            \u0412\u043e\u0437\u0432\u0440\u0430\u0442 \u043d\u0435\u0432\u043e\u0437\u043c\u043e\u0436\u0435\u043d","return":false,"multiplicity":"1","chance":32,"id":"37|OC90|34|81751|1||599.82|3665993274^^^\u0444\u0438\u043b\u044c\u0442\u0440 \u043c\u0430\u0441\u043b\u044f\u043d\u044b\u0439 Opel Ascona\/Astra\/Omega\/Kadett\/Vectra 1.3-3.0i 85>^^^599.82"},{"brand":"MAHLE","article":"OC90","name":"\u0424\u0438\u043b\u044c\u0442\u0440 \u043c\u0430\u0441\u043b\u044f\u043d\u044b\u0439","cost":"267.3","count":"500","time":"2 \u0434.","stock":"Cella1169\/2","city":"\u041c\u043e\u0441\u043a\u0432\u0430","warning":"\u0412\u043e\u0437\u0432\u0440\u0430\u0442 \u0431\u0435\u0437 \u0443\u0446\u0435\u043d\u043a\u0438","pp":"\u041e\u0444\u0438\u0446\u0438\u0430\u043b\u044c\u043d\u044b\u0439 \u0434\u0438\u0441\u0442\u0440\u0438\u0431\u044c\u044e\u0442\u043e\u0440","multiplicity":"1","chance":88,"id":"38|OC90|N_00004479|47367|2||267.3|2308180746^^^\u0424\u0438\u043b\u044c\u0442\u0440 \u043c\u0430\u0441\u043b\u044f\u043d\u044b\u0439^^^267.3"},{"brand":"MAHLE","article":"OC90","name":"\u0424\u0438\u043b\u044c\u0442\u0440 \u043c\u0430\u0441\u043b\u044f\u043d\u044b\u0439","cost":"283.34","count":"462","time":"1 \u0434.","stock":"Cella1336\/1","city":"\u041c\u043e\u0441\u043a\u0432\u0430","warning":"\u0412\u043e\u0437\u0432\u0440\u0430\u0442 \u0431\u0435\u0437 \u0443\u0446\u0435\u043d\u043a\u0438","multiplicity":"1","chance":83,"id":"38|OC90|N_00004479|66356|1||283.34|2578198025^^^\u0424\u0438\u043b\u044c\u0442\u0440 \u043c\u0430\u0441\u043b\u044f\u043d\u044b\u0439^^^283.34"},{"brand":"MAHLE","article":"OC90","name":"\u0424\u0438\u043b\u044c\u0442\u0440 \u043c\u0430\u0441\u043b\u044f\u043d\u044b\u0439 CHEVROLET: AVEO \u0445\u0435\u0447\u0431\u044d\u043a 08-, AVEO \u0441\u0435\u0434\u0430\u043d 06-, CAPTIVA 06-, EVANDA 05-, KALOS 05-, KALOS \u0441\u0435\u0434\u0430\u043d 05-, LACETTI 05-, NUBIRA \u0441\u0435\u0434\u0430\u043d 05-, NUBIRA \u0443\u043d\u0438\u0432\u0435\u0440\u0441\u0430\u043b","cost":"293.54","count":">50","time":"1 \u0434.","stock":"Cella456\/1","city":"\u041c\u043e\u0441\u043a\u0432\u0430","warning":"\u041e\u0442\u043c\u0435\u043d\u0430 \u0437\u0430\u043a\u0430\u0437\u0430 \u043f\u043e\u0441\u043b\u0435 \u043e\u0442\u043f\u0440\u0430\u0432\u043a\u0438 \u043f\u043e\u0441\u0442\u0430\u0432\u0449\u0438\u043a\u0443 \u043d\u0435\u0432\u043e\u0437\u043c\u043e\u0436\u043d\u0430\n            \u0412\u043e\u0437\u0432\u0440\u0430\u0442 \u0431\u0435\u0437 \u0443\u0446\u0435\u043d\u043a\u0438","pp":"\u041e\u0444\u0438\u0446\u0438\u0430\u043b\u044c\u043d\u044b\u0439 \u0434\u0438\u0441\u0442\u0440\u0438\u0431\u044c\u044e\u0442\u043e\u0440","multiplicity":"1","chance":95,"id":"38|OC90|N_00000002|5989|1||293.54|2969018167^^^\u0424\u0438\u043b\u044c\u0442\u0440 \u043c\u0430\u0441\u043b\u044f\u043d\u044b\u0439 CHEVROLET: AVEO \u0445\u0435\u0447\u0431\u044d\u043a 08-, AVEO \u0441\u0435\u0434\u0430\u043d 06-, CAPTIVA 06-, EVANDA 05-, KALOS 05-, KALOS \u0441\u0435\u0434\u0430\u043d 05-, LACETTI 05-, NUBIRA \u0441\u0435\u0434\u0430\u043d 05-, NUBIRA \u0443\u043d\u0438\u0432\u0435\u0440\u0441\u0430\u043b^^^293.54"},{"brand":"MAHLE","article":"OC90","name":"\u0424\u0438\u043b\u044c\u0442\u0440 \u043c\u0430\u0441\u043b\u044f\u043d\u044b\u0439 CHEVROLET: AVEO \u0445\u0435\u0447\u0431\u044d\u043a 08-, AVEO \u0441\u0435\u0434\u0430\u043d 06-, CAPTIVA 06-, EVANDA 05-, KALOS 05-, KALOS \u0441\u0435\u0434\u0430\u043d 05-, LACETTI 05-, NUBIRA \u0441\u0435\u0434\u0430\u043d 05-, NUBIRA \u0443\u043d\u0438\u0432\u0435\u0440\u0441\u0430\u043b","cost":"295.16","count":"41","time":"1 \u0434.","stock":"Cella139\/1","city":"\u0421\u043c\u043e\u043b\u0435\u043d\u0441\u043a","warning":"\u0412\u043e\u0437\u0432\u0440\u0430\u0442 \u0431\u0435\u0437 \u0443\u0446\u0435\u043d\u043a\u0438","multiplicity":"1","chance":94,"id":"38|OC90|N_00000002|81812|1||295.16|1914103525^^^\u0424\u0438\u043b\u044c\u0442\u0440 \u043c\u0430\u0441\u043b\u044f\u043d\u044b\u0439 CHEVROLET: AVEO \u0445\u0435\u0447\u0431\u044d\u043a 08-, AVEO \u0441\u0435\u0434\u0430\u043d 06-, CAPTIVA 06-, EVANDA 05-, KALOS 05-, KALOS \u0441\u0435\u0434\u0430\u043d 05-, LACETTI 05-, NUBIRA \u0441\u0435\u0434\u0430\u043d 05-, NUBIRA \u0443\u043d\u0438\u0432\u0435\u0440\u0441\u0430\u043b^^^295.16"},{"brand":"MAHLE","article":"OC90","name":"\u0424\u0438\u043b\u044c\u0442\u0440 \u043c\u0430\u0441\u043b\u044f\u043d\u044b\u0439","cost":"295.16","count":"5","time":"3 \u0434.","stock":"Cella139\/2","city":"\u0421\u043c\u043e\u043b\u0435\u043d\u0441\u043a","warning":"\u0412\u043e\u0437\u0432\u0440\u0430\u0442 \u0431\u0435\u0437 \u0443\u0446\u0435\u043d\u043a\u0438","multiplicity":"1","chance":82,"id":"38|OC90|N_00000002|81812|2||295.16|1268505120^^^\u0424\u0438\u043b\u044c\u0442\u0440 \u043c\u0430\u0441\u043b\u044f\u043d\u044b\u0439^^^295.16"},{"brand":"MAHLE","article":"OC90","name":"\u0424\u0438\u043b\u044c\u0442\u0440 \u043c\u0430\u0441\u043b\u044f\u043d\u044b\u0439","cost":"295.16","count":"1","time":"3 \u0434.","stock":"Cella139\/4","city":"\u0421\u043c\u043e\u043b\u0435\u043d\u0441\u043a","warning":"\u0412\u043e\u0437\u0432\u0440\u0430\u0442 \u0431\u0435\u0437 \u0443\u0446\u0435\u043d\u043a\u0438","multiplicity":"1","chance":89,"id":"38|OC90|N_00000002|81812|4||295.16|948020138^^^\u0424\u0438\u043b\u044c\u0442\u0440 \u043c\u0430\u0441\u043b\u044f\u043d\u044b\u0439^^^295.16"},{"brand":"MAHLE","article":"OC90","name":"\u0424\u0438\u043b\u044c\u0442\u0440 \u043c\u0430\u0441\u043b\u044f\u043d\u044b\u0439","cost":"295.16","count":"1","time":"3 \u0434.","stock":"Cella139\/3","city":"\u0421\u043c\u043e\u043b\u0435\u043d\u0441\u043a","warning":"\u0412\u043e\u0437\u0432\u0440\u0430\u0442 \u0431\u0435\u0437 \u0443\u0446\u0435\u043d\u043a\u0438","multiplicity":"1","chance":96,"id":"38|OC90|N_00000002|81812|3||295.16|1558236771^^^\u0424\u0438\u043b\u044c\u0442\u0440 \u043c\u0430\u0441\u043b\u044f\u043d\u044b\u0439^^^295.16"},{"brand":"MAHLE","article":"OC90","name":"\u0424\u0438\u043b\u044c\u0442\u0440 \u043c\u0430\u0441\u043b\u044f\u043d\u044b\u0439","cost":"306.67","count":"100","time":"1 \u0434.","stock":"Cella055\/1","city":"\u041c\u043e\u0441\u043a\u0432\u0430","warning":"\u0412\u043e\u0437\u0432\u0440\u0430\u0442 \u0431\u0435\u0437 \u0443\u0446\u0435\u043d\u043a\u0438","pp":"\u041e\u0444\u0438\u0446\u0438\u0430\u043b\u044c\u043d\u044b\u0439 \u0434\u0438\u0441\u0442\u0440\u0438\u0431\u044c\u044e\u0442\u043e\u0440","multiplicity":"1","chance":88,"id":"38|OC90|N_00000002|64|1||306.67|972192625^^^\u0424\u0438\u043b\u044c\u0442\u0440 \u043c\u0430\u0441\u043b\u044f\u043d\u044b\u0439^^^306.67"},{"brand":"MAHLE","article":"OC90","name":"\u0424\u0438\u043b\u044c\u0442\u0440 \u043c\u0430\u0441\u043b\u044f\u043d\u044b\u0439","cost":"309.63","count":"1","time":"2 \u0434.","stock":"Cella1160\/2","city":"\u041c\u0438\u043d\u0441\u043a","warning":"\u0412\u043e\u0437\u0432\u0440\u0430\u0442 \u0431\u0435\u0437 \u0443\u0446\u0435\u043d\u043a\u0438 \u0412\u041d\u0418\u041c\u0410\u041d\u0418\u0415!!! \u0417\u0430\u044f\u0432\u043a\u0438 \u043d\u0430 \u0432\u043e\u0437\u0432\u0440\u0430\u0442 \u043f\u043e \u043f\u0440\u0438\u0447\u0438\u043d\u0435 \u043e\u0442\u043a\u0430\u0437\u0430 \u043a\u043b\u0438\u0435\u043d\u0442\u0430 \u043f\u0440\u0438\u043d\u0438\u043c\u0430\u044e\u0442\u0441\u044f \u0432 \u0442\u0435\u0447\u0435\u043d\u0438\u0435 7 \u0434\u043d\u0435\u0439 \u0441 \u043c\u043e\u043c\u0435\u043d\u0442\u0430 \u043f\u0440\u0438\u0445\u043e\u0434\u0430 \u0442\u043e\u0432\u0430\u0440\u0430 \u043d\u0430 \u0441\u043a\u043b\u0430\u0434 \u0410\u0434\u0435\u043e.\u043f\u0440\u043e.","multiplicity":"1","chance":87,"id":"38|OC90|10223|45751|2||309.63|1508890566^^^\u0424\u0438\u043b\u044c\u0442\u0440 \u043c\u0430\u0441\u043b\u044f\u043d\u044b\u0439^^^309.63"},{"brand":"MAHLE","article":"OC90","name":"\u0424\u0438\u043b\u044c\u0442\u0440 \u043c\u0430\u0441\u043b\u044f\u043d\u044b\u0439","cost":"315.82","count":"1","time":"2 \u0434.","stock":"Cella2005\/2","city":"\u0421\u0430\u043d\u043a\u0442-\u041f\u0435\u0442\u0435\u0440\u0431\u0443\u0440\u0433","warning":"\u0412\u043e\u0437\u0432\u0440\u0430\u0442 \u043d\u0435\u0432\u043e\u0437\u043c\u043e\u0436\u0435\u043d","return":false,"multiplicity":"1","chance":86,"id":"38|OC90|N_00000002|82425|2||315.82|3731252807^^^\u0424\u0438\u043b\u044c\u0442\u0440 \u043c\u0430\u0441\u043b\u044f\u043d\u044b\u0439^^^315.82"},{"brand":"MAHLE","article":"OC90","name":"\u0424\u0438\u043b\u044c\u0442\u0440 \u043c\u0430\u0441\u043b\u044f\u043d\u044b\u0439 Chevrolet Aveo 1.4 06>, Captiva 2.4 06>, Cruze 1.6 09>, Lacetti 1.4-1.8 05>, Lanos 1.4-1.6 05>, Rezzo 1.6-2.0 05> \/ Daewoo Espero 1.5-2.0, Leganza 2.0 97>, Nexia 1.5 95> \/ Opel Astra F\/G 1.4-2.0 >04","cost":"324.13","count":"100","time":"2 \u0434.","stock":"Cella1725\/1","city":"\u0420\u043e\u0441\u0442\u043e\u0432-\u043d\u0430-\u0414\u043e\u043d\u0443","warning":"\u0412\u043e\u0437\u0432\u0440\u0430\u0442 \u0431\u0435\u0437 \u0443\u0446\u0435\u043d\u043a\u0438","multiplicity":"1","chance":91,"id":"38|OC90|N_00000002|82009|1|AS000015361|324.13|3702368689^^^\u0424\u0438\u043b\u044c\u0442\u0440 \u043c\u0430\u0441\u043b\u044f\u043d\u044b\u0439 Chevrolet Aveo 1.4 06>, Captiva 2.4 06>, Cruze 1.6 09>, Lacetti 1.4-1.8 05>, Lanos 1.4-1.6 05>, Rezzo 1.6-2.0 05> \/ Daewoo Espero 1.5-2.0, Leganza 2.0 97>, Nexia 1.5 95> \/ Opel Astra F\/G 1.4-2.0 >04^^^324.13"},{"brand":"MAHLE","article":"OC90","name":"\u0424\u0438\u043b\u044c\u0442\u0440 \u043c\u0430\u0441\u043b\u044f\u043d\u044b\u0439 CHEVROLET: AVEO \u0445\u0435\u0447\u0431\u044d\u043a 08-, AVEO \u0441\u0435\u0434\u0430\u043d 06-, CAPTIVA 06-, EVANDA 05-, KALOS 05-, KALOS \u0441\u0435\u0434\u0430\u043d 05-, LACETTI 05-, NUBIRA \u0441\u0435\u0434\u0430\u043d 05-, NUBIRA","cost":"328.01","count":"300","time":"3 \u0434.","stock":"Cella1185\/1","city":"\u041c\u0438\u043d\u0441\u043a","warning":"\u0412\u043e\u0437\u0432\u0440\u0430\u0442 \u0431\u0435\u0437 \u0443\u0446\u0435\u043d\u043a\u0438","multiplicity":"1","chance":85,"id":"38|OC90|10223|48749|1||328.01|2362885341^^^\u0424\u0438\u043b\u044c\u0442\u0440 \u043c\u0430\u0441\u043b\u044f\u043d\u044b\u0439 CHEVROLET: AVEO \u0445\u0435\u0447\u0431\u044d\u043a 08-, AVEO \u0441\u0435\u0434\u0430\u043d 06-, CAPTIVA 06-, EVANDA 05-, KALOS 05-, KALOS \u0441\u0435\u0434\u0430\u043d 05-, LACETTI 05-, NUBIRA \u0441\u0435\u0434\u0430\u043d 05-, NUBIRA^^^328.01"},{"brand":"MAHLE","article":"OC90","name":"\u0424\u0438\u043b\u044c\u0442\u0440 \u043c\u0430\u0441\u043b\u044f\u043d\u044b\u0439 OC90","cost":"330","count":"4","time":"1 \u0434.","stock":"Cella1507\/1","city":"\u041c\u043e\u0441\u043a\u0432\u0430","warning":"\u0412\u043e\u0437\u0432\u0440\u0430\u0442 \u0431\u0435\u0437 \u0443\u0446\u0435\u043d\u043a\u0438","multiplicity":"1","chance":98,"id":"38|OC90|N_00000002|81637|1||330|2709690534^^^\u0424\u0438\u043b\u044c\u0442\u0440 \u043c\u0430\u0441\u043b\u044f\u043d\u044b\u0439 OC90^^^330"},{"brand":"MAHLE","article":"OC90","name":"\u0424\u0438\u043b\u044c\u0442\u0440 \u043c\u0430\u0441\u043b\u044f\u043d\u044b\u0439","cost":"334.16","count":"400","time":"2 \u0434.","stock":"Cella089\/2","city":"\u0421\u0430\u043d\u043a\u0442-\u041f\u0435\u0442\u0435\u0440\u0431\u0443\u0440\u0433","warning":"\u041e\u0442\u043c\u0435\u043d\u0430 \u0437\u0430\u043a\u0430\u0437\u0430 \u043f\u043e\u0441\u043b\u0435 \u043e\u0442\u043f\u0440\u0430\u0432\u043a\u0438 \u043f\u043e\u0441\u0442\u0430\u0432\u0449\u0438\u043a\u0443 \u043d\u0435\u0432\u043e\u0437\u043c\u043e\u0436\u043d\u0430\n            \u0412\u043e\u0437\u0432\u0440\u0430\u0442 \u0431\u0435\u0437 \u0443\u0446\u0435\u043d\u043a\u0438","pp":"\u041e\u0444\u0438\u0446\u0438\u0430\u043b\u044c\u043d\u044b\u0439 \u0434\u0438\u0441\u0442\u0440\u0438\u0431\u044c\u044e\u0442\u043e\u0440","multiplicity":"1","chance":80,"id":"38|OC90|N_00000002|97|2||334.16|1055304398^^^\u0424\u0438\u043b\u044c\u0442\u0440 \u043c\u0430\u0441\u043b\u044f\u043d\u044b\u0439^^^334.16"},{"brand":"MAHLE","article":"OC90","name":"\u0424\u0438\u043b\u044c\u0442\u0440 \u043c\u0430\u0441\u043b\u044f\u043d\u044b\u0439","cost":"334.16","count":"14","time":"2 \u0434.","stock":"Cella089\/1","city":"\u041c\u043e\u0441\u043a\u0432\u0430","warning":"\u041e\u0442\u043c\u0435\u043d\u0430 \u0437\u0430\u043a\u0430\u0437\u0430 \u043f\u043e\u0441\u043b\u0435 \u043e\u0442\u043f\u0440\u0430\u0432\u043a\u0438 \u043f\u043e\u0441\u0442\u0430\u0432\u0449\u0438\u043a\u0443 \u043d\u0435\u0432\u043e\u0437\u043c\u043e\u0436\u043d\u0430\n            \u0412\u043e\u0437\u0432\u0440\u0430\u0442 \u0431\u0435\u0437 \u0443\u0446\u0435\u043d\u043a\u0438","pp":"\u041e\u0444\u0438\u0446\u0438\u0430\u043b\u044c\u043d\u044b\u0439 \u0434\u0438\u0441\u0442\u0440\u0438\u0431\u044c\u044e\u0442\u043e\u0440","multiplicity":"1","chance":72,"id":"38|OC90|N_00000002|97|1||334.16|124491275^^^\u0424\u0438\u043b\u044c\u0442\u0440 \u043c\u0430\u0441\u043b\u044f\u043d\u044b\u0439^^^334.16"},{"brand":"MAHLE","article":"OC90","name":"\u0424\u0438\u043b\u044c\u0442\u0440 \u043c\u0430\u0441\u043b\u044f\u043d\u044b\u0439","cost":"339.61","count":"50","time":"1 \u0434.","stock":"Cella049\/1","city":"\u041c\u043e\u0441\u043a\u0432\u0430","warning":"\u0412\u043e\u0437\u0432\u0440\u0430\u0442 \u0431\u0435\u0437 \u0443\u0446\u0435\u043d\u043a\u0438","multiplicity":"1","chance":87,"id":"38|OC90|N_00000002|58|1||339.61|3000431861^^^\u0424\u0438\u043b\u044c\u0442\u0440 \u043c\u0430\u0441\u043b\u044f\u043d\u044b\u0439^^^339.61"},{"brand":"MAHLE","article":"OC90","name":"\u0424\u0438\u043b\u044c\u0442\u0440 \u043c\u0430\u0441\u043b\u044f\u043d\u044b\u0439","cost":"340.04","count":"10","time":"2 \u0434.","stock":"Cella1160\/1","city":"\u041c\u0438\u043d\u0441\u043a","warning":"\u0412\u043e\u0437\u0432\u0440\u0430\u0442 \u0431\u0435\u0437 \u0443\u0446\u0435\u043d\u043a\u0438","multiplicity":"1","chance":88,"id":"38|OC90|10223|45751|1||340.04|550776940^^^\u0424\u0438\u043b\u044c\u0442\u0440 \u043c\u0430\u0441\u043b\u044f\u043d\u044b\u0439^^^340.04"},{"brand":"MAHLE","article":"OC90","name":"\u0424\u0438\u043b\u044c\u0442\u0440 \u043c\u0430\u0441\u043b\u044f\u043d\u044b\u0439 Daewoo Espero, Lanos,Leganza, Nexia, Nubira Opel Astra, Corsa, Vectra","cost":"342.1","count":"500","time":"3 \u0434.","stock":"Cella1169\/1","city":"\u041c\u0438\u043d\u0441\u043a","warning":"\u0412\u043e\u0437\u0432\u0440\u0430\u0442 \u0431\u0435\u0437 \u0443\u0446\u0435\u043d\u043a\u0438","pp":"\u041e\u0444\u0438\u0446\u0438\u0430\u043b\u044c\u043d\u044b\u0439 \u0434\u0438\u0441\u0442\u0440\u0438\u0431\u044c\u044e\u0442\u043e\u0440","multiplicity":"1","chance":82,"id":"38|OC90|N_00004479|47367|1||342.1|2025278997^^^\u0424\u0438\u043b\u044c\u0442\u0440 \u043c\u0430\u0441\u043b\u044f\u043d\u044b\u0439 Daewoo Espero, Lanos,Leganza, Nexia, Nubira Opel Astra, Corsa, Vectra^^^342.1"},{"brand":"MAHLE","article":"OC90","name":"\u0424\u0438\u043b\u044c\u0442\u0440 \u043c\u0430\u0441\u043b\u044f\u043d\u044b\u0439","cost":"351.85","count":"20","time":"3 \u0434.","stock":"Cella611\/3","city":"\u041c\u0438\u043d\u0441\u043a","warning":"\u0426\u0421\n            \u041e\u0442\u043c\u0435\u043d\u0430 \u0437\u0430\u043a\u0430\u0437\u0430 \u043f\u043e\u0441\u043b\u0435 \u043e\u0442\u043f\u0440\u0430\u0432\u043a\u0438 \u043f\u043e\u0441\u0442\u0430\u0432\u0449\u0438\u043a\u0443 \u043d\u0435\u0432\u043e\u0437\u043c\u043e\u0436\u043d\u0430\n            \u0412\u043e\u0437\u0432\u0440\u0430\u0442 \u043d\u0435\u0432\u043e\u0437\u043c\u043e\u0436\u0435\u043d","return":false,"pp":" \u0426\u0435\u043d\u0442\u0440\u0430\u043b\u044c\u043d\u044b\u0439 \u0441\u043a\u043b\u0430\u0434","multiplicity":"1","chance":71,"id":"38|OC90|N_00004479|13787|3||351.85|978773378^^^\u0424\u0438\u043b\u044c\u0442\u0440 \u043c\u0430\u0441\u043b\u044f\u043d\u044b\u0439^^^351.85"},{"brand":"MAHLE","article":"OC90","name":"\u0424\u0438\u043b\u044c\u0442\u0440 \u043c\u0430\u0441\u043b\u044f\u043d\u044b\u0439","cost":"353.1","count":"1","time":"6 \u0434.","stock":"Cella1449\/1","city":"\u041d\u043e\u0432\u043e\u0441\u0438\u0431\u0438\u0440\u0441\u043a","warning":"\u0412\u043e\u0437\u0432\u0440\u0430\u0442 \u0431\u0435\u0437 \u0443\u0446\u0435\u043d\u043a\u0438","multiplicity":"1","chance":81,"id":"38|OC90|N_00000002|80867|1||353.1|2136276270^^^\u0424\u0438\u043b\u044c\u0442\u0440 \u043c\u0430\u0441\u043b\u044f\u043d\u044b\u0439^^^353.1"},{"brand":"MAHLE","article":"OC90","name":"\u0424\u0438\u043b\u044c\u0442\u0440 \u043c\u0430\u0441\u043b\u044f\u043d\u044b\u0439","cost":"354.2","count":"2","time":"6 \u0434.","stock":"Cella1037\/2","city":"\u0422\u043e\u043b\u044c\u044f\u0442\u0442\u0438","warning":"\u0412\u043e\u0437\u0432\u0440\u0430\u0442 \u0431\u0435\u0437 \u0443\u0446\u0435\u043d\u043a\u0438","multiplicity":"1","chance":79,"id":"38|OC90|N_00000002|33421|2||354.2|664970389^^^\u0424\u0438\u043b\u044c\u0442\u0440 \u043c\u0430\u0441\u043b\u044f\u043d\u044b\u0439^^^354.2"},{"brand":"MAHLE","article":"OC90","name":"\u0424\u0438\u043b\u044c\u0442\u0440 \u043c\u0430\u0441\u043b\u044f\u043d\u044b\u0439 90","cost":"361.9","count":"7","time":"9 \u0434.","stock":"Cella1332\/3","city":"\u041d\u043e\u0432\u043e\u0441\u0438\u0431\u0438\u0440\u0441\u043a","warning":"\u0412\u043e\u0437\u0432\u0440\u0430\u0442 \u0431\u0435\u0437 \u0443\u0446\u0435\u043d\u043a\u0438","multiplicity":"1","chance":77,"id":"38|OC90|N_00000002|66065|3||361.9|1260135807^^^\u0424\u0438\u043b\u044c\u0442\u0440 \u043c\u0430\u0441\u043b\u044f\u043d\u044b\u0439 90^^^361.9"},{"brand":"MAHLE","article":"OC90","name":"\u041c\u0430\u0441\u043b\u044f\u043d\u044b\u0439 \u0444\u0438\u043b\u044c\u0442\u0440 MAHLE ORIGINAL OC 90 (MAHLE) G102 OPEL","cost":"362.61","count":"100","time":"1 \u0434.","stock":"Cella178\/1","city":"\u041c\u0438\u043d\u0441\u043a","warning":"\u0412\u043e\u0437\u0432\u0440\u0430\u0442 \u0431\u0435\u0437 \u0443\u0446\u0435\u043d\u043a\u0438","multiplicity":"1","chance":94,"id":"38|OC90|10223|516|1|01438299|362.61|2694487905^^^\u041c\u0430\u0441\u043b\u044f\u043d\u044b\u0439 \u0444\u0438\u043b\u044c\u0442\u0440 MAHLE ORIGINAL OC 90 (MAHLE) G102 OPEL^^^362.61"},{"brand":"MAHLE","article":"OC90","name":"\u0424\u0438\u043b\u044c\u0442\u0440 \u043c\u0430\u0441\u043b\u044f\u043d\u044b\u0439","cost":"363","count":"1","time":"9 \u0434.","stock":"Cella1696\/1","city":"\u0415\u043a\u0430\u0442\u0435\u0440\u0438\u043d\u0431\u0443\u0440\u0433","warning":"\u0412\u043e\u0437\u0432\u0440\u0430\u0442 \u0431\u0435\u0437 \u0443\u0446\u0435\u043d\u043a\u0438","multiplicity":"1","chance":84,"id":"38|OC90|N_00004479|81959|1||363|2707903187^^^\u0424\u0438\u043b\u044c\u0442\u0440 \u043c\u0430\u0441\u043b\u044f\u043d\u044b\u0439^^^363"},{"brand":"MAHLE","article":"OC90","name":"\u0424\u0438\u043b\u044c\u0442\u0440 \u043c\u0430\u0441\u043b\u044f\u043d\u044b\u0439 Daewoo Espero, Lanos,Leganza, Nexia, Nubira Opel Astra, Corsa, Vectra","cost":"365.36","count":"6","time":"4 \u0434.","stock":"Cella2168\/1","city":"\u041c\u043e\u0441\u043a\u0432\u0430","warning":"\u0412\u043e\u0437\u0432\u0440\u0430\u0442 \u043d\u0435\u0432\u043e\u0437\u043c\u043e\u0436\u0435\u043d","return":false,"multiplicity":"1","chance":41,"id":"38|OC90|10223|82604|1||365.36|3165888546^^^\u0424\u0438\u043b\u044c\u0442\u0440 \u043c\u0430\u0441\u043b\u044f\u043d\u044b\u0439 Daewoo Espero, Lanos,Leganza, Nexia, Nubira Opel Astra, Corsa, Vectra^^^365.36"},{"brand":"MAHLE","article":"OC90","name":"\u0424\u0438\u043b\u044c\u0442\u0440 \u043c\u0430\u0441\u043b\u044f\u043d\u044b\u0439","cost":"371.66","count":"5","time":"4 \u0434.","stock":"Cella1465\/26","city":"\u0421\u0438\u043c\u0444\u0435\u0440\u043e\u043f\u043e\u043b\u044c","warning":"\u0412\u043e\u0437\u0432\u0440\u0430\u0442 \u0431\u0435\u0437 \u0443\u0446\u0435\u043d\u043a\u0438 \u041a \u0432\u043e\u0437\u0432\u0440\u0430\u0442\u0443 \u043d\u0435 \u043f\u043e\u0434\u043b\u0435\u0436\u0430\u0442 \u044d\u043b\u0435\u043a\u0442\u0440\u0438\u0447\u0435\u0441\u043a\u0438\u0435 \u0447\u0430\u0441\u0442\u0438 \u0438 \u0442\u0435\u0445. \u0436\u0438\u0434\u043a\u043e\u0441\u0442\u0438, \u0432 \u0442\u043e\u043c \u0447\u0438\u0441\u043b\u0435 \u0438 \u043c\u0430\u0441\u043b\u0430.","multiplicity":"1","chance":74,"id":"38|OC90|N_00000002|81571|26||371.66|3721390159^^^\u0424\u0438\u043b\u044c\u0442\u0440 \u043c\u0430\u0441\u043b\u044f\u043d\u044b\u0439^^^371.66"},{"brand":"MAHLE","article":"OC90","name":"\u0424\u0438\u043b\u044c\u0442\u0440 \u043c\u0430\u0441\u043b\u044f\u043d\u044b\u0439 OC90","cost":"374","count":"7","time":"10 \u0434.","stock":"Cella1679\/1","city":"\u041a\u0440\u0430\u0441\u043d\u043e\u044f\u0440\u0441\u043a","warning":"\u0412\u043e\u0437\u0432\u0440\u0430\u0442 \u0431\u0435\u0437 \u0443\u0446\u0435\u043d\u043a\u0438","multiplicity":"1","chance":56,"id":"38|OC90|N_00004741|81931|1||374|2366330035^^^\u0424\u0438\u043b\u044c\u0442\u0440 \u043c\u0430\u0441\u043b\u044f\u043d\u044b\u0439 OC90^^^374"},{"brand":"MAHLE","article":"OC90","name":"\u0424\u0438\u043b\u044c\u0442\u0440 \u043c\u0430\u0441\u043b\u044f\u043d\u044b\u0439 CHEVROLET LACETTI\/CAPTIVA","cost":"398.2","count":">100","time":"1 \u0434.","stock":"Cella952\/1","city":"\u0421\u0430\u043d\u043a\u0442-\u041f\u0435\u0442\u0435\u0440\u0431\u0443\u0440\u0433","warning":"\u0412\u043e\u0437\u0432\u0440\u0430\u0442 \u0431\u0435\u0437 \u0443\u0446\u0435\u043d\u043a\u0438","pp":"\u041e\u0444\u0438\u0446\u0438\u0430\u043b\u044c\u043d\u044b\u0439 \u0434\u0438\u0441\u0442\u0440\u0438\u0431\u044c\u044e\u0442\u043e\u0440","multiplicity":"1","chance":94,"id":"38|OC90|N_00004741|28926|1||398.2|3201447251^^^\u0424\u0438\u043b\u044c\u0442\u0440 \u043c\u0430\u0441\u043b\u044f\u043d\u044b\u0439 CHEVROLET LACETTI\/CAPTIVA^^^398.2"},{"brand":"MAHLE","article":"OC90","name":"\u0424\u0438\u043b\u044c\u0442\u0440 \u043c\u0430\u0441\u043b\u044f\u043d\u044b\u0439 CHEVROLET LACETTI\/CAPTIVA","cost":"403.7","count":"1","time":"1 \u0434.","stock":"Cella1934\/1","city":"\u041c\u043e\u0441\u043a\u0432\u0430","warning":"\u0412\u043e\u0437\u0432\u0440\u0430\u0442 \u0431\u0435\u0437 \u0443\u0446\u0435\u043d\u043a\u0438","multiplicity":"1","chance":92,"id":"38|OC90|N_00004741|82348|1||403.7|4192605067^^^\u0424\u0438\u043b\u044c\u0442\u0440 \u043c\u0430\u0441\u043b\u044f\u043d\u044b\u0439 CHEVROLET LACETTI\/CAPTIVA^^^403.7"},{"brand":"MAHLE","article":"OC90","name":"\u0424\u0438\u043b\u044c\u0442\u0440 \u043c\u0430\u0441\u043b\u044f\u043d\u044b\u0439 OC90","cost":"403.7","count":"+","time":"1 \u0434.","stock":"Cella2295\/1","city":"\u041c\u043e\u0441\u043a\u0432\u0430","warning":"\u0412\u043e\u0437\u0432\u0440\u0430\u0442 \u0431\u0435\u0437 \u0443\u0446\u0435\u043d\u043a\u0438","multiplicity":"1","chance":90,"id":"38|OC90|N_00004741|82745|1||403.7|253666116^^^\u0424\u0438\u043b\u044c\u0442\u0440 \u043c\u0430\u0441\u043b\u044f\u043d\u044b\u0439 OC90^^^403.7"},{"brand":"MAHLE","article":"OC90","name":"\u0424\u0438\u043b\u044c\u0442\u0440 \u043c\u0430\u0441\u043b\u044f\u043d\u044b\u0439","cost":"417.87","count":"1","time":"6 \u0434.","stock":"Cella1465\/13","city":"\u0424\u0435\u043e\u0434\u043e\u0441\u0438\u044f","warning":"\u0412\u043e\u0437\u0432\u0440\u0430\u0442 \u0431\u0435\u0437 \u0443\u0446\u0435\u043d\u043a\u0438","multiplicity":"1","chance":93,"id":"38|OC90|10223|81571|13||417.87|2615364889^^^\u0424\u0438\u043b\u044c\u0442\u0440 \u043c\u0430\u0441\u043b\u044f\u043d\u044b\u0439^^^417.87"},{"brand":"MAHLE","article":"OC90","name":"\u0424\u0438\u043b\u044c\u0442\u0440 \u043c\u0430\u0441\u043b\u044f\u043d\u044b\u0439","cost":"451","count":"3","time":"2 \u0434.","stock":"Cella1720\/1","city":"\u041f\u0441\u043a\u043e\u0432","warning":"\u0412\u043e\u0437\u0432\u0440\u0430\u0442 \u0431\u0435\u0437 \u0443\u0446\u0435\u043d\u043a\u0438","pp":"\u041e\u0444\u0438\u0446\u0438\u0430\u043b\u044c\u043d\u044b\u0439 \u0434\u0438\u0441\u0442\u0440\u0438\u0431\u044c\u044e\u0442\u043e\u0440","multiplicity":"1","chance":91,"id":"38|OC90|N_00000002|82001|1||451|4002298423^^^\u0424\u0438\u043b\u044c\u0442\u0440 \u043c\u0430\u0441\u043b\u044f\u043d\u044b\u0439^^^451"},{"brand":"MAHLE","article":"OC90","name":"\u0424\u0438\u043b\u044c\u0442\u0440 \u043c\u0430\u0441\u043b\u044f\u043d\u044b\u0439 OPEL\/GM\/DAEWOO MAHLE OC90","cost":"466.4","count":"2","time":"2 \u0434.","stock":"Cella2060\/1","city":"\u042f\u0440\u043e\u0441\u043b\u0430\u0432\u043b\u044c","warning":"\u0412\u043e\u0437\u0432\u0440\u0430\u0442 \u0431\u0435\u0437 \u0443\u0446\u0435\u043d\u043a\u0438","multiplicity":"1","chance":91,"id":"38|OC90|N_00000002|82485|1||466.4|2595601221^^^\u0424\u0438\u043b\u044c\u0442\u0440 \u043c\u0430\u0441\u043b\u044f\u043d\u044b\u0439 OPEL\/GM\/DAEWOO MAHLE OC90^^^466.4"},{"brand":"MAHLE","article":"OC90","name":"\u0424\u0438\u043b\u044c\u0442\u0440 \u043c\u0430\u0441\u043b\u044f\u043d\u044b\u0439 Daewoo Nexia 1995-2016\/Opel Frontera B 1998-2004","cost":"509.12","count":"2","time":"10 \u0434.","stock":"Cella1278\/3","city":"\u041c\u043e\u0441\u043a\u0432\u0430","warning":"\u041e\u0442\u043c\u0435\u043d\u0430 \u0437\u0430\u043a\u0430\u0437\u0430 \u043f\u043e\u0441\u043b\u0435 \u043e\u0442\u043f\u0440\u0430\u0432\u043a\u0438 \u043f\u043e\u0441\u0442\u0430\u0432\u0449\u0438\u043a\u0443 \u043d\u0435\u0432\u043e\u0437\u043c\u043e\u0436\u043d\u0430\n            \u0412\u043e\u0437\u0432\u0440\u0430\u0442 \u0431\u0435\u0437 \u0443\u0446\u0435\u043d\u043a\u0438","multiplicity":"1","chance":37,"id":"38|OC90|N_00000002|58863|3||509.12|3858783240^^^\u0424\u0438\u043b\u044c\u0442\u0440 \u043c\u0430\u0441\u043b\u044f\u043d\u044b\u0439 Daewoo Nexia 1995-2016\/Opel Frontera B 1998-2004^^^509.12"},{"brand":"MAHLE","article":"OC90","name":"\u0424\u0438\u043b\u044c\u0442\u0440 \u043c\u0430\u0441\u043b\u044f\u043d\u044b\u0439","cost":"510.4","count":"1","time":"6 \u0434.","stock":"Cella1378\/1","city":"\u0420\u044f\u0437\u0430\u043d\u044c","warning":"\u0412\u043e\u0437\u0432\u0440\u0430\u0442 \u0431\u0435\u0437 \u0443\u0446\u0435\u043d\u043a\u0438","multiplicity":"1","chance":66,"id":"38|OC90|N_00000002|70908|1||510.4|3654663256^^^\u0424\u0438\u043b\u044c\u0442\u0440 \u043c\u0430\u0441\u043b\u044f\u043d\u044b\u0439^^^510.4"},{"brand":"MAHLE","article":"OC90","name":"\u0424\u0438\u043b\u044c\u0442\u0440 \u043c\u0430\u0441\u043b\u044f\u043d\u044b\u0439 DAEWOO Nexia CHEVROLET Lanos MAHLE","cost":"558.27","count":"2","time":"1 \u0434.","stock":"Cella396\/1","city":"\u041c\u043e\u0441\u043a\u0432\u0430","warning":"\u0412\u043e\u0437\u0432\u0440\u0430\u0442 \u0431\u0435\u0437 \u0443\u0446\u0435\u043d\u043a\u0438","multiplicity":"1","chance":90,"id":"38|OC90|N_00000002|3934|1|400443|558.27|1006129969^^^\u0424\u0438\u043b\u044c\u0442\u0440 \u043c\u0430\u0441\u043b\u044f\u043d\u044b\u0439 DAEWOO Nexia CHEVROLET Lanos MAHLE^^^558.27"},{"brand":"MAHLE","article":"OC90","name":"\u0424\u0438\u043b\u044c\u0442\u0440 \u043c\u0430\u0441\u043b\u044f\u043d\u044b\u0439 DAEWOO Nexia CHEVROLET Lanos MAHLE","cost":"558.27","count":"6","time":"1 \u0434.","stock":"Cella499\/3","city":"\u041c\u043e\u0441\u043a\u0432\u0430","warning":"\u0412\u043e\u0437\u0432\u0440\u0430\u0442 \u0431\u0435\u0437 \u0443\u0446\u0435\u043d\u043a\u0438","multiplicity":"1","chance":95,"id":"38|OC90|N_00000002|8181|3|400443|558.27|2715089855^^^\u0424\u0438\u043b\u044c\u0442\u0440 \u043c\u0430\u0441\u043b\u044f\u043d\u044b\u0439 DAEWOO Nexia CHEVROLET Lanos MAHLE^^^558.27"},{"brand":"MAHLE","article":"OC90","name":"\u0424\u0438\u043b\u044c\u0442\u0440 \u043c\u0430\u0441\u043b\u044f\u043d\u044b\u0439 DAEWOO Nexia CHEVROLET Lanos MAHLE","cost":"561.06","count":"6","time":"1 \u0434.","stock":"Cella751\/1","city":"\u041c\u043e\u0441\u043a\u0432\u0430","warning":"\u0412\u043e\u0437\u0432\u0440\u0430\u0442 \u0431\u0435\u0437 \u0443\u0446\u0435\u043d\u043a\u0438","pp":"\u041e\u0444\u0438\u0446\u0438\u0430\u043b\u044c\u043d\u044b\u0439 \u0434\u0438\u0441\u0442\u0440\u0438\u0431\u044c\u044e\u0442\u043e\u0440","multiplicity":"1","chance":55,"id":"38|OC90|N_00000002|19330|1||561.06|1838118462^^^\u0424\u0438\u043b\u044c\u0442\u0440 \u043c\u0430\u0441\u043b\u044f\u043d\u044b\u0439 DAEWOO Nexia CHEVROLET Lanos MAHLE^^^561.06"},{"brand":"MAHLE","article":"OC90","name":"\u0424\u0438\u043b\u044c\u0442\u0440 \u043c\u0430\u0441\u043b.OPEL 1.3-2.5L 85=> \/DAEWOO ESPERO,NEXIA 1.5-2.0L","cost":"584.64","count":"796","time":"2 \u0434.","stock":"Cella1467\/1","city":"\u0421\u0430\u043d\u043a\u0442-\u041f\u0435\u0442\u0435\u0440\u0431\u0443\u0440\u0433","warning":"\u0412\u043e\u0437\u0432\u0440\u0430\u0442 \u0431\u0435\u0437 \u0443\u0446\u0435\u043d\u043a\u0438","multiplicity":"1","chance":81,"id":"38|OC90|N_00004479|81575|1||584.64|965429179^^^\u0424\u0438\u043b\u044c\u0442\u0440 \u043c\u0430\u0441\u043b.OPEL 1.3-2.5L 85=> \/DAEWOO ESPERO,NEXIA 1.5-2.0L^^^584.64"},{"brand":"MAHLE","article":"OC90","name":"\u0424\u0438\u043b\u044c\u0442\u0440 \u043c\u0430\u0441\u043b\u044f\u043d\u044b\u0438 KNECHT OC90","cost":"729.3","count":"1000","time":"60 \u0434.","stock":"China001\/1","city":"\u0417\u0430\u0433\u0440\u0430\u043d.","warning":"\u041e\u0442\u043c\u0435\u043d\u0430 \u0437\u0430\u043a\u0430\u0437\u0430 \u043f\u043e\u0441\u043b\u0435 \u043e\u0442\u043f\u0440\u0430\u0432\u043a\u0438 \u043f\u043e\u0441\u0442\u0430\u0432\u0449\u0438\u043a\u0443 \u043d\u0435\u0432\u043e\u0437\u043c\u043e\u0436\u043d\u0430\n            \u0412\u043e\u0437\u0432\u0440\u0430\u0442 \u043d\u0435\u0432\u043e\u0437\u043c\u043e\u0436\u0435\u043d","return":false,"multiplicity":"1","chance":61,"id":"38|OC90|N_00004741|82589|1||729.3|340835334^^^\u0424\u0438\u043b\u044c\u0442\u0440 \u043c\u0430\u0441\u043b\u044f\u043d\u044b\u0438 KNECHT OC90^^^729.3"},{"brand":"MAHLE","article":"OC90","name":"\u0424\u0438\u043b\u044c\u0442\u0440 \u043c\u0430\u0441\u043b\u044f\u043d\u044b\u0439 Daewoo Nexia 1995-2016\/Opel Frontera B 1998-2004","cost":"765.6","count":"2","time":"4 \u0434.","stock":"Cella1278\/1","city":"\u041d\u0430\u0431\u0435\u0440\u0435\u0436\u043d\u044b\u0435 \u0427\u0435\u043b\u043d\u044b","warning":"\u0412\u043e\u0437\u0432\u0440\u0430\u0442 \u0431\u0435\u0437 \u0443\u0446\u0435\u043d\u043a\u0438","multiplicity":"1","chance":48,"id":"38|OC90|N_00000002|58863|1||765.6|3868859997^^^\u0424\u0438\u043b\u044c\u0442\u0440 \u043c\u0430\u0441\u043b\u044f\u043d\u044b\u0439 Daewoo Nexia 1995-2016\/Opel Frontera B 1998-2004^^^765.6"},{"brand":"MAHLE","article":"OC90","name":"\u0424\u0438\u043b\u044c\u0442\u0440 \u043c\u0430\u0441\u043b.Opel Ascona\/Astra\/Omega\/Kadett\/Vectra 1.3-3.0i 85>, \u0424\u0438\u043b\u044c\u0442\u0440 \u043c\u0430\u0441\u043b.Opel Ascona\/Astra\/Omega\/Kadett\/Vectra 1.3-3.0i 85>","cost":"1055.23","count":"37","time":"6 \u0434.","stock":"Cella2067\/1","city":"\u042f\u0440\u043e\u0441\u043b\u0430\u0432\u043b\u044c","warning":"\u0412\u043e\u0437\u0432\u0440\u0430\u0442 \u0431\u0435\u0437 \u0443\u0446\u0435\u043d\u043a\u0438","multiplicity":"1","chance":59,"id":"38|OC90|N_00004479|82494|1||1055.23|979545622^^^\u0424\u0438\u043b\u044c\u0442\u0440 \u043c\u0430\u0441\u043b.Opel Ascona\/Astra\/Omega\/Kadett\/Vectra 1.3-3.0i 85>, \u0424\u0438\u043b\u044c\u0442\u0440 \u043c\u0430\u0441\u043b.Opel Ascona\/Astra\/Omega\/Kadett\/Vectra 1.3-3.0i 85>^^^1055.23"},{"brand":"MAHLE","article":"OC90","name":"Oil filter","cost":"1076.78","count":"30","time":"26 \u0434.","stock":"EU048\/1","city":"\u0417\u0430\u0433\u0440\u0430\u043d.","warning":"\u041e\u0442\u043c\u0435\u043d\u0430 \u0437\u0430\u043a\u0430\u0437\u0430 \u043f\u043e\u0441\u043b\u0435 \u043e\u0442\u043f\u0440\u0430\u0432\u043a\u0438 \u043f\u043e\u0441\u0442\u0430\u0432\u0449\u0438\u043a\u0443 \u043d\u0435\u0432\u043e\u0437\u043c\u043e\u0436\u043d\u0430\n            \u0412\u043e\u0437\u0432\u0440\u0430\u0442 \u043d\u0435\u0432\u043e\u0437\u043c\u043e\u0436\u0435\u043d","return":false,"multiplicity":"1","chance":72,"id":"38|OC90|N_00004741|82664|1||1076.78|1694632866^^^Oil filter^^^1076.78"},{"brand":"MAHLE","article":"OC90","name":"\u0424\u0438\u043b\u044c\u0442\u0440 \u043c\u0430\u0441\u043b\u044f\u043d\u044b\u0439","cost":"1377.68","count":"143","time":"29 \u0434.","stock":"Emi025\/2","city":"\u0417\u0430\u0433\u0440\u0430\u043d.","warning":"\u041e\u0442\u043c\u0435\u043d\u0430 \u0437\u0430\u043a\u0430\u0437\u0430 \u043f\u043e\u0441\u043b\u0435 \u043e\u0442\u043f\u0440\u0430\u0432\u043a\u0438 \u043f\u043e\u0441\u0442\u0430\u0432\u0449\u0438\u043a\u0443 \u043d\u0435\u0432\u043e\u0437\u043c\u043e\u0436\u043d\u0430\n            \u0412\u043e\u0437\u0432\u0440\u0430\u0442 \u043d\u0435\u0432\u043e\u0437\u043c\u043e\u0436\u0435\u043d \u0412\u041d\u0418\u041c\u0410\u041d\u0418\u0415!!! \u0422\u043e\u0432\u0430\u0440 \u043d\u0430\u0445\u043e\u0434\u0438\u0442\u0441\u044f \u0437\u0430\u0433\u0440\u0430\u043d\u0438\u0446\u0435\u0439. \u0412\u043e\u0437\u043c\u043e\u0436\u043d\u044b \u0437\u0430\u0434\u0435\u0440\u0436\u043a\u0438 \u0441 \u043e\u0442\u0432\u0435\u0442\u0430\u043c\u0438\/\u043e\u0442\u043a\u0430\u0437\u0430\u043c\u0438, \u0430 \u0442\u0430\u043a\u0436\u0435 \u0443\u0432\u0435\u043b\u0438\u0447\u0435\u043d\u0438\u0435 \u0441\u0440\u043e\u043a\u043e\u0432 \u043f\u043e\u0441\u0442\u0430\u0432\u043a\u0438!","return":false,"multiplicity":"1","chance":29,"id":"38|OC90|N_00004741|82048|2||1377.68|881993559^^^\u0424\u0438\u043b\u044c\u0442\u0440 \u043c\u0430\u0441\u043b\u044f\u043d\u044b\u0439^^^1377.68"}],"status":5,"searchstring":"OC90","brands":"KNECHTMAHLE","AccountId":"0","errors":""},"3":{"result":"","status":"4","AccountId":"0","errors":" \u041d\u0435\u0432\u043e\u0437\u043c\u043e\u0436\u043d\u043e \u0432\u043e\u0439\u0442\u0438: \u043f\u0440\u043e\u0432\u0435\u0440\u044c\u0442\u0435 \u043f\u0440\u0430\u0432\u0438\u043b\u044c\u043d\u043e\u0441\u0442\u044c \u0432\u0432\u043e\u0434\u0430 \u0438\u043c\u0435\u043d\u0438 \u043f\u043e\u043b\u044c\u0437\u043e\u0432\u0430\u0442\u0435\u043b\u044f \u0438 \u043f\u0430\u0440\u043e\u043b\u044f;"},"7":{"result":"","status":"4","AccountId":"0","errors":" \u041d\u0435\u0432\u043e\u0437\u043c\u043e\u0436\u043d\u043e \u0432\u043e\u0439\u0442\u0438: \u043f\u0440\u043e\u0432\u0435\u0440\u044c\u0442\u0435 \u043f\u0440\u0430\u0432\u0438\u043b\u044c\u043d\u043e\u0441\u0442\u044c \u0432\u0432\u043e\u0434\u0430 \u0438\u043c\u0435\u043d\u0438 \u043f\u043e\u043b\u044c\u0437\u043e\u0432\u0430\u0442\u0435\u043b\u044f \u0438 \u043f\u0430\u0440\u043e\u043b\u044f;"}}}
2026-08-03 17:25:40 get_results res_str: stdClass Object
(
    [8def16b7ff93b2] => stdClass Object
        (
            [14] => stdClass Object
                (
                    [result] => 
                    [status] => 5
                    [searchstring] => OC90
                    [brands] => KNECHTMAHLE
                    [AccountId] => 0
                    [errors] => 
                )

            [5] => stdClass Object
                (
                    [result] => Array
                        (
                            [0] => stdClass Object
                                (
                                    [brand] => KNECHT
                                    [article] => OC90
                                    [name] => OC90 Фильтр масляный MAHLE Россия
                                    [cost] => 289.98
                                    [count] => 101
                                    [time] => 2 д.
                                    [stock] => Cella915/3
                                    [city] => Смоленск
                                    [warning] => Возврат без уценки
                                    [multiplicity] => 1
                                    [chance] => 88
                                    [id] => 37|OC90|34|26781|3||289.98|2981274067^^^OC90 Фильтр масляный MAHLE Россия^^^289.98
                                )

                            [1] => stdClass Object
                                (
                                    [brand] => KNECHT
                                    [article] => OC90
                                    [name] => Фильтр масляный OPEL/GM/DAEWOO
                                    [cost] => 331.1
                                    [count] => 5
                                    [time] => 4 д.
                                    [stock] => Cella1487/2
                                    [city] => Тольятти
                                    [warning] => Возврат невозможен
                                    [return] => 
                                    [multiplicity] => 1
                                    [chance] => 93
                                    [id] => 37|OC90|N_00004488|81607|2||331.1|2697246768^^^Фильтр масляный OPEL/GM/DAEWOO^^^331.1
                                )

                            [2] => stdClass Object
                                (
                                    [brand] => KNECHT
                                    [article] => OC90
                                    [name] => Фильтр масляный
                                    [cost] => 331.1
                                    [count] => 2
                                    [time] => 4 д.
                                    [stock] => Cella1487/1
                                    [city] => Тольятти
                                    [warning] => Возврат невозможен
                                    [return] => 
                                    [multiplicity] => 1
                                    [chance] => 89
                                    [id] => 37|OC90|N_00004488|81607|1||331.1|776716243^^^Фильтр масляный^^^331.1
                                )

                            [3] => stdClass Object
                                (
                                    [brand] => KNECHT
                                    [article] => OC90
                                    [name] => фильтр масляный
                                    [cost] => 339.39
                                    [count] => 35
                                    [time] => 1 д.
                                    [stock] => Cella327/2
                                    [city] => Москва
                                    [warning] => Array
                                        (
                                        )

                                    [multiplicity] => 1
                                    [chance] => 79
                                    [id] => 37|OC90|N_00004488|2795|2||339.39|3937805030^^^фильтр масляный^^^339.39
                                )

                            [4] => stdClass Object
                                (
                                    [brand] => KNECHT
                                    [article] => OC90
                                    [name] => OC90 Фильтр масляный MAHLE Россия
                                    [cost] => 369.06
                                    [count] => 10
                                    [time] => 3 д.
                                    [stock] => Cella915/2
                                    [city] => Смоленск
                                    [warning] => Возврат без уценки
                                    [multiplicity] => 1
                                    [chance] => 81
                                    [id] => 37|OC90|34|26781|2||369.06|3839839770^^^OC90 Фильтр масляный MAHLE Россия^^^369.06
                                )

                            [5] => stdClass Object
                                (
                                    [brand] => KNECHT
                                    [article] => OC90
                                    [name] => OC90 Фильтр масляный MAHLE Россия
                                    [cost] => 431.65
                                    [count] => 19
                                    [time] => 10 д.
                                    [stock] => EU021/3
                                    [city] => Загран.
                                    [warning] => Отмена заказа после отправки поставщику невозможна
            Возврат невозможен ВНИМАНИЕ!!! Товар находится заграницей. Возможно увеличение сроков поставки!
                                    [return] => 
                                    [multiplicity] => 1
                                    [chance] => 70
                                    [id] => 37|OC90|34|56438|3||431.65|11715101^^^OC90 Фильтр масляный MAHLE Россия^^^431.65
                                )

                            [6] => stdClass Object
                                (
                                    [brand] => KNECHT
                                    [article] => OC90
                                    [name] => фильтр масляный Opel Ascona/Astra/Omega/Kadett/Vectra 1.3-3.0i 85>
                                    [cost] => 599.82
                                    [count] => 1150
                                    [time] => 54 д.
                                    [stock] => EU033/1
                                    [city] => Загран.
                                    [warning] => Отмена заказа после отправки поставщику невозможна
            Возврат невозможен
                                    [return] => 
                                    [multiplicity] => 1
                                    [chance] => 32
                                    [id] => 37|OC90|34|81751|1||599.82|3665993274^^^фильтр масляный Opel Ascona/Astra/Omega/Kadett/Vectra 1.3-3.0i 85>^^^599.82
                                )

                            [7] => stdClass Object
                                (
                                    [brand] => MAHLE
                                    [article] => OC90
                                    [name] => Фильтр масляный
                                    [cost] => 267.3
                                    [count] => 500
                                    [time] => 2 д.
                                    [stock] => Cella1169/2
                                    [city] => Москва
                                    [warning] => Возврат без уценки
                                    [pp] => Официальный дистрибьютор
                                    [multiplicity] => 1
                                    [chance] => 88
                                    [id] => 38|OC90|N_00004479|47367|2||267.3|2308180746^^^Фильтр масляный^^^267.3
                                )

                            [8] => stdClass Object
                                (
                                    [brand] => MAHLE
                                    [article] => OC90
                                    [name] => Фильтр масляный
                                    [cost] => 283.34
                                    [count] => 462
                                    [time] => 1 д.
                                    [stock] => Cella1336/1
                                    [city] => Москва
                                    [warning] => Возврат без уценки
                                    [multiplicity] => 1
                                    [chance] => 83
                                    [id] => 38|OC90|N_00004479|66356|1||283.34|2578198025^^^Фильтр масляный^^^283.34
                                )

                            [9] => stdClass Object
                                (
                                    [brand] => MAHLE
                                    [article] => OC90
                                    [name] => Фильтр масляный CHEVROLET: AVEO хечбэк 08-, AVEO седан 06-, CAPTIVA 06-, EVANDA 05-, KALOS 05-, KALOS седан 05-, LACETTI 05-, NUBIRA седан 05-, NUBIRA универсал
                                    [cost] => 293.54
                                    [count] => >50
                                    [time] => 1 д.
                                    [stock] => Cella456/1
                                    [city] => Москва
                                    [warning] => Отмена заказа после отправки поставщику невозможна
            Возврат без уценки
                                    [pp] => Официальный дистрибьютор
                                    [multiplicity] => 1
                                    [chance] => 95
                                    [id] => 38|OC90|N_00000002|5989|1||293.54|2969018167^^^Фильтр масляный CHEVROLET: AVEO хечбэк 08-, AVEO седан 06-, CAPTIVA 06-, EVANDA 05-, KALOS 05-, KALOS седан 05-, LACETTI 05-, NUBIRA седан 05-, NUBIRA универсал^^^293.54
                                )

                            [10] => stdClass Object
                                (
                                    [brand] => MAHLE
                                    [article] => OC90
                                    [name] => Фильтр масляный CHEVROLET: AVEO хечбэк 08-, AVEO седан 06-, CAPTIVA 06-, EVANDA 05-, KALOS 05-, KALOS седан 05-, LACETTI 05-, NUBIRA седан 05-, NUBIRA универсал
                                    [cost] => 295.16
                                    [count] => 41
                                    [time] => 1 д.
                                    [stock] => Cella139/1
                                    [city] => Смоленск
                                    [warning] => Возврат без уценки
                                    [multiplicity] => 1
                                    [chance] => 94
                                    [id] => 38|OC90|N_00000002|81812|1||295.16|1914103525^^^Фильтр масляный CHEVROLET: AVEO хечбэк 08-, AVEO седан 06-, CAPTIVA 06-, EVANDA 05-, KALOS 05-, KALOS седан 05-, LACETTI 05-, NUBIRA седан 05-, NUBIRA универсал^^^295.16
                                )

                            [11] => stdClass Object
                                (
                                    [brand] => MAHLE
                                    [article] => OC90
                                    [name] => Фильтр масляный
                                    [cost] => 295.16
                                    [count] => 5
                                    [time] => 3 д.
                                    [stock] => Cella139/2
                                    [city] => Смоленск
                                    [warning] => Возврат без уценки
                                    [multiplicity] => 1
                                    [chance] => 82
                                    [id] => 38|OC90|N_00000002|81812|2||295.16|1268505120^^^Фильтр масляный^^^295.16
                                )

                            [12] => stdClass Object
                                (
                                    [brand] => MAHLE
                                    [article] => OC90
                                    [name] => Фильтр масляный
                                    [cost] => 295.16
                                    [count] => 1
                                    [time] => 3 д.
                                    [stock] => Cella139/4
                                    [city] => Смоленск
                                    [warning] => Возврат без уценки
                                    [multiplicity] => 1
                                    [chance] => 89
                                    [id] => 38|OC90|N_00000002|81812|4||295.16|948020138^^^Фильтр масляный^^^295.16
                                )

                            [13] => stdClass Object
                                (
                                    [brand] => MAHLE
                                    [article] => OC90
                                    [name] => Фильтр масляный
                                    [cost] => 295.16
                                    [count] => 1
                                    [time] => 3 д.
                                    [stock] => Cella139/3
                                    [city] => Смоленск
                                    [warning] => Возврат без уценки
                                    [multiplicity] => 1
                                    [chance] => 96
                                    [id] => 38|OC90|N_00000002|81812|3||295.16|1558236771^^^Фильтр масляный^^^295.16
                                )

                            [14] => stdClass Object
                                (
                                    [brand] => MAHLE
                                    [article] => OC90
                                    [name] => Фильтр масляный
                                    [cost] => 306.67
                                    [count] => 100
                                    [time] => 1 д.
                                    [stock] => Cella055/1
                                    [city] => Москва
                                    [warning] => Возврат без уценки
                                    [pp] => Официальный дистрибьютор
                                    [multiplicity] => 1
                                    [chance] => 88
                                    [id] => 38|OC90|N_00000002|64|1||306.67|972192625^^^Фильтр масляный^^^306.67
                                )

                            [15] => stdClass Object
                                (
                                    [brand] => MAHLE
                                    [article] => OC90
                                    [name] => Фильтр масляный
                                    [cost] => 309.63
                                    [count] => 1
                                    [time] => 2 д.
                                    [stock] => Cella1160/2
                                    [city] => Минск
                                    [warning] => Возврат без уценки ВНИМАНИЕ!!! Заявки на возврат по причине отказа клиента принимаются в течение 7 дней с момента прихода товара на склад Адео.про.
                                    [multiplicity] => 1
                                    [chance] => 87
                                    [id] => 38|OC90|10223|45751|2||309.63|1508890566^^^Фильтр масляный^^^309.63
                                )

                            [16] => stdClass Object
                                (
                                    [brand] => MAHLE
                                    [article] => OC90
                                    [name] => Фильтр масляный
                                    [cost] => 315.82
                                    [count] => 1
                                    [time] => 2 д.
                                    [stock] => Cella2005/2
                                    [city] => Санкт-Петербург
                                    [warning] => Возврат невозможен
                                    [return] => 
                                    [multiplicity] => 1
                                    [chance] => 86
                                    [id] => 38|OC90|N_00000002|82425|2||315.82|3731252807^^^Фильтр масляный^^^315.82
                                )

                            [17] => stdClass Object
                                (
                                    [brand] => MAHLE
                                    [article] => OC90
                                    [name] => Фильтр масляный Chevrolet Aveo 1.4 06>, Captiva 2.4 06>, Cruze 1.6 09>, Lacetti 1.4-1.8 05>, Lanos 1.4-1.6 05>, Rezzo 1.6-2.0 05> / Daewoo Espero 1.5-2.0, Leganza 2.0 97>, Nexia 1.5 95> / Opel Astra F/G 1.4-2.0 >04
                                    [cost] => 324.13
                                    [count] => 100
                                    [time] => 2 д.
                                    [stock] => Cella1725/1
                                    [city] => Ростов-на-Дону
                                    [warning] => Возврат без уценки
                                    [multiplicity] => 1
                                    [chance] => 91
                                    [id] => 38|OC90|N_00000002|82009|1|AS000015361|324.13|3702368689^^^Фильтр масляный Chevrolet Aveo 1.4 06>, Captiva 2.4 06>, Cruze 1.6 09>, Lacetti 1.4-1.8 05>, Lanos 1.4-1.6 05>, Rezzo 1.6-2.0 05> / Daewoo Espero 1.5-2.0, Leganza 2.0 97>, Nexia 1.5 95> / Opel Astra F/G 1.4-2.0 >04^^^324.13
                                )

                            [18] => stdClass Object
                                (
                                    [brand] => MAHLE
                                    [article] => OC90
                                    [name] => Фильтр масляный CHEVROLET: AVEO хечбэк 08-, AVEO седан 06-, CAPTIVA 06-, EVANDA 05-, KALOS 05-, KALOS седан 05-, LACETTI 05-, NUBIRA седан 05-, NUBIRA
                                    [cost] => 328.01
                                    [count] => 300
                                    [time] => 3 д.
                                    [stock] => Cella1185/1
                                    [city] => Минск
                                    [warning] => Возврат без уценки
                                    [multiplicity] => 1
                                    [chance] => 85
                                    [id] => 38|OC90|10223|48749|1||328.01|2362885341^^^Фильтр масляный CHEVROLET: AVEO хечбэк 08-, AVEO седан 06-, CAPTIVA 06-, EVANDA 05-, KALOS 05-, KALOS седан 05-, LACETTI 05-, NUBIRA седан 05-, NUBIRA^^^328.01
                                )

                            [19] => stdClass Object
                                (
                                    [brand] => MAHLE
                                    [article] => OC90
                                    [name] => Фильтр масляный OC90
                                    [cost] => 330
                                    [count] => 4
                                    [time] => 1 д.
                                    [stock] => Cella1507/1
                                    [city] => Москва
                                    [warning] => Возврат без уценки
                                    [multiplicity] => 1
                                    [chance] => 98
                                    [id] => 38|OC90|N_00000002|81637|1||330|2709690534^^^Фильтр масляный OC90^^^330
                                )

                            [20] => stdClass Object
                                (
                                    [brand] => MAHLE
                                    [article] => OC90
                                    [name] => Фильтр масляный
                                    [cost] => 334.16
                                    [count] => 400
                                    [time] => 2 д.
                                    [stock] => Cella089/2
                                    [city] => Санкт-Петербург
                                    [warning] => Отмена заказа после отправки поставщику невозможна
            Возврат без уценки
                                    [pp] => Официальный дистрибьютор
                                    [multiplicity] => 1
                                    [chance] => 80
                                    [id] => 38|OC90|N_00000002|97|2||334.16|1055304398^^^Фильтр масляный^^^334.16
                                )

                            [21] => stdClass Object
                                (
                                    [brand] => MAHLE
                                    [article] => OC90
                                    [name] => Фильтр масляный
                                    [cost] => 334.16
                                    [count] => 14
                                    [time] => 2 д.
                                    [stock] => Cella089/1
                                    [city] => Москва
                                    [warning] => Отмена заказа после отправки поставщику невозможна
            Возврат без уценки
                                    [pp] => Официальный дистрибьютор
                                    [multiplicity] => 1
                                    [chance] => 72
                                    [id] => 38|OC90|N_00000002|97|1||334.16|124491275^^^Фильтр масляный^^^334.16
                                )

                            [22] => stdClass Object
                                (
                                    [brand] => MAHLE
                                    [article] => OC90
                                    [name] => Фильтр масляный
                                    [cost] => 339.61
                                    [count] => 50
                                    [time] => 1 д.
                                    [stock] => Cella049/1
                                    [city] => Москва
                                    [warning] => Возврат без уценки
                                    [multiplicity] => 1
                                    [chance] => 87
                                    [id] => 38|OC90|N_00000002|58|1||339.61|3000431861^^^Фильтр масляный^^^339.61
                                )

                            [23] => stdClass Object
                                (
                                    [brand] => MAHLE
                                    [article] => OC90
                                    [name] => Фильтр масляный
                                    [cost] => 340.04
                                    [count] => 10
                                    [time] => 2 д.
                                    [stock] => Cella1160/1
                                    [city] => Минск
                                    [warning] => Возврат без уценки
                                    [multiplicity] => 1
                                    [chance] => 88
                                    [id] => 38|OC90|10223|45751|1||340.04|550776940^^^Фильтр масляный^^^340.04
                                )

                            [24] => stdClass Object
                                (
                                    [brand] => MAHLE
                                    [article] => OC90
                                    [name] => Фильтр масляный Daewoo Espero, Lanos,Leganza, Nexia, Nubira Opel Astra, Corsa, Vectra
                                    [cost] => 342.1
                                    [count] => 500
                                    [time] => 3 д.
                                    [stock] => Cella1169/1
                                    [city] => Минск
                                    [warning] => Возврат без уценки
                                    [pp] => Официальный дистрибьютор
                                    [multiplicity] => 1
                                    [chance] => 82
                                    [id] => 38|OC90|N_00004479|47367|1||342.1|2025278997^^^Фильтр масляный Daewoo Espero, Lanos,Leganza, Nexia, Nubira Opel Astra, Corsa, Vectra^^^342.1
                                )

                            [25] => stdClass Object
                                (
                                    [brand] => MAHLE
                                    [article] => OC90
                                    [name] => Фильтр масляный
                                    [cost] => 351.85
                                    [count] => 20
                                    [time] => 3 д.
                                    [stock] => Cella611/3
                                    [city] => Минск
                                    [warning] => ЦС
            Отмена заказа после отправки поставщику невозможна
            Возврат невозможен
                                    [return] => 
                                    [pp] =>  Центральный склад
                                    [multiplicity] => 1
                                    [chance] => 71
                                    [id] => 38|OC90|N_00004479|13787|3||351.85|978773378^^^Фильтр масляный^^^351.85
                                )

                            [26] => stdClass Object
                                (
                                    [brand] => MAHLE
                                    [article] => OC90
                                    [name] => Фильтр масляный
                                    [cost] => 353.1
                                    [count] => 1
                                    [time] => 6 д.
                                    [stock] => Cella1449/1
                                    [city] => Новосибирск
                                    [warning] => Возврат без уценки
                                    [multiplicity] => 1
                                    [chance] => 81
                                    [id] => 38|OC90|N_00000002|80867|1||353.1|2136276270^^^Фильтр масляный^^^353.1
                                )

                            [27] => stdClass Object
                                (
                                    [brand] => MAHLE
                                    [article] => OC90
                                    [name] => Фильтр масляный
                                    [cost] => 354.2
                                    [count] => 2
                                    [time] => 6 д.
                                    [stock] => Cella1037/2
                                    [city] => Тольятти
                                    [warning] => Возврат без уценки
                                    [multiplicity] => 1
                                    [chance] => 79
                                    [id] => 38|OC90|N_00000002|33421|2||354.2|664970389^^^Фильтр масляный^^^354.2
                                )

                            [28] => stdClass Object
                                (
                                    [brand] => MAHLE
                                    [article] => OC90
                                    [name] => Фильтр масляный 90
                                    [cost] => 361.9
                                    [count] => 7
                                    [time] => 9 д.
                                    [stock] => Cella1332/3
                                    [city] => Новосибирск
                                    [warning] => Возврат без уценки
                                    [multiplicity] => 1
                                    [chance] => 77
                                    [id] => 38|OC90|N_00000002|66065|3||361.9|1260135807^^^Фильтр масляный 90^^^361.9
                                )

                            [29] => stdClass Object
                                (
                                    [brand] => MAHLE
                                    [article] => OC90
                                    [name] => Масляный фильтр MAHLE ORIGINAL OC 90 (MAHLE) G102 OPEL
                                    [cost] => 362.61
                                    [count] => 100
                                    [time] => 1 д.
                                    [stock] => Cella178/1
                                    [city] => Минск
                                    [warning] => Возврат без уценки
                                    [multiplicity] => 1
                                    [chance] => 94
                                    [id] => 38|OC90|10223|516|1|01438299|362.61|2694487905^^^Масляный фильтр MAHLE ORIGINAL OC 90 (MAHLE) G102 OPEL^^^362.61
                                )

                            [30] => stdClass Object
                                (
                                    [brand] => MAHLE
                                    [article] => OC90
                                    [name] => Фильтр масляный
                                    [cost] => 363
                                    [count] => 1
                                    [time] => 9 д.
                                    [stock] => Cella1696/1
                                    [city] => Екатеринбург
                                    [warning] => Возврат без уценки
                                    [multiplicity] => 1
                                    [chance] => 84
                                    [id] => 38|OC90|N_00004479|81959|1||363|2707903187^^^Фильтр масляный^^^363
                                )

                            [31] => stdClass Object
                                (
                                    [brand] => MAHLE
                                    [article] => OC90
                                    [name] => Фильтр масляный Daewoo Espero, Lanos,Leganza, Nexia, Nubira Opel Astra, Corsa, Vectra
                                    [cost] => 365.36
                                    [count] => 6
                                    [time] => 4 д.
                                    [stock] => Cella2168/1
                                    [city] => Москва
                                    [warning] => Возврат невозможен
                                    [return] => 
                                    [multiplicity] => 1
                                    [chance] => 41
                                    [id] => 38|OC90|10223|82604|1||365.36|3165888546^^^Фильтр масляный Daewoo Espero, Lanos,Leganza, Nexia, Nubira Opel Astra, Corsa, Vectra^^^365.36
                                )

                            [32] => stdClass Object
                                (
                                    [brand] => MAHLE
                                    [article] => OC90
                                    [name] => Фильтр масляный
                                    [cost] => 371.66
                                    [count] => 5
                                    [time] => 4 д.
                                    [stock] => Cella1465/26
                                    [city] => Симферополь
                                    [warning] => Возврат без уценки К возврату не подлежат электрические части и тех. жидкости, в том числе и масла.
                                    [multiplicity] => 1
                                    [chance] => 74
                                    [id] => 38|OC90|N_00000002|81571|26||371.66|3721390159^^^Фильтр масляный^^^371.66
                                )

                            [33] => stdClass Object
                                (
                                    [brand] => MAHLE
                                    [article] => OC90
                                    [name] => Фильтр масляный OC90
                                    [cost] => 374
                                    [count] => 7
                                    [time] => 10 д.
                                    [stock] => Cella1679/1
                                    [city] => Красноярск
                                    [warning] => Возврат без уценки
                                    [multiplicity] => 1
                                    [chance] => 56
                                    [id] => 38|OC90|N_00004741|81931|1||374|2366330035^^^Фильтр масляный OC90^^^374
                                )

                            [34] => stdClass Object
                                (
                                    [brand] => MAHLE
                                    [article] => OC90
                                    [name] => Фильтр масляный CHEVROLET LACETTI/CAPTIVA
                                    [cost] => 398.2
                                    [count] => >100
                                    [time] => 1 д.
                                    [stock] => Cella952/1
                                    [city] => Санкт-Петербург
                                    [warning] => Возврат без уценки
                                    [pp] => Официальный дистрибьютор
                                    [multiplicity] => 1
                                    [chance] => 94
                                    [id] => 38|OC90|N_00004741|28926|1||398.2|3201447251^^^Фильтр масляный CHEVROLET LACETTI/CAPTIVA^^^398.2
                                )

                            [35] => stdClass Object
                                (
                                    [brand] => MAHLE
                                    [article] => OC90
                                    [name] => Фильтр масляный CHEVROLET LACETTI/CAPTIVA
                                    [cost] => 403.7
                                    [count] => 1
                                    [time] => 1 д.
                                    [stock] => Cella1934/1
                                    [city] => Москва
                                    [warning] => Возврат без уценки
                                    [multiplicity] => 1
                                    [chance] => 92
                                    [id] => 38|OC90|N_00004741|82348|1||403.7|4192605067^^^Фильтр масляный CHEVROLET LACETTI/CAPTIVA^^^403.7
                                )

                            [36] => stdClass Object
                                (
                                    [brand] => MAHLE
                                    [article] => OC90
                                    [name] => Фильтр масляный OC90
                                    [cost] => 403.7
                                    [count] => +
                                    [time] => 1 д.
                                    [stock] => Cella2295/1
                                    [city] => Москва
                                    [warning] => Возврат без уценки
                                    [multiplicity] => 1
                                    [chance] => 90
                                    [id] => 38|OC90|N_00004741|82745|1||403.7|253666116^^^Фильтр масляный OC90^^^403.7
                                )

                            [37] => stdClass Object
                                (
                                    [brand] => MAHLE
                                    [article] => OC90
                                    [name] => Фильтр масляный
                                    [cost] => 417.87
                                    [count] => 1
                                    [time] => 6 д.
                                    [stock] => Cella1465/13
                                    [city] => Феодосия
                                    [warning] => Возврат без уценки
                                    [multiplicity] => 1
                                    [chance] => 93
                                    [id] => 38|OC90|10223|81571|13||417.87|2615364889^^^Фильтр масляный^^^417.87
                                )

                            [38] => stdClass Object
                                (
                                    [brand] => MAHLE
                                    [article] => OC90
                                    [name] => Фильтр масляный
                                    [cost] => 451
                                    [count] => 3
                                    [time] => 2 д.
                                    [stock] => Cella1720/1
                                    [city] => Псков
                                    [warning] => Возврат без уценки
                                    [pp] => Официальный дистрибьютор
                                    [multiplicity] => 1
                                    [chance] => 91
                                    [id] => 38|OC90|N_00000002|82001|1||451|4002298423^^^Фильтр масляный^^^451
                                )

                            [39] => stdClass Object
                                (
                                    [brand] => MAHLE
                                    [article] => OC90
                                    [name] => Фильтр масляный OPEL/GM/DAEWOO MAHLE OC90
                                    [cost] => 466.4
                                    [count] => 2
                                    [time] => 2 д.
                                    [stock] => Cella2060/1
                                    [city] => Ярославль
                                    [warning] => Возврат без уценки
                                    [multiplicity] => 1
                                    [chance] => 91
                                    [id] => 38|OC90|N_00000002|82485|1||466.4|2595601221^^^Фильтр масляный OPEL/GM/DAEWOO MAHLE OC90^^^466.4
                                )

                            [40] => stdClass Object
                                (
                                    [brand] => MAHLE
                                    [article] => OC90
                                    [name] => Фильтр масляный Daewoo Nexia 1995-2016/Opel Frontera B 1998-2004
                                    [cost] => 509.12
                                    [count] => 2
                                    [time] => 10 д.
                                    [stock] => Cella1278/3
                                    [city] => Москва
                                    [warning] => Отмена заказа после отправки поставщику невозможна
            Возврат без уценки
                                    [multiplicity] => 1
                                    [chance] => 37
                                    [id] => 38|OC90|N_00000002|58863|3||509.12|3858783240^^^Фильтр масляный Daewoo Nexia 1995-2016/Opel Frontera B 1998-2004^^^509.12
                                )

                            [41] => stdClass Object
                                (
                                    [brand] => MAHLE
                                    [article] => OC90
                                    [name] => Фильтр масляный
                                    [cost] => 510.4
                                    [count] => 1
                                    [time] => 6 д.
                                    [stock] => Cella1378/1
                                    [city] => Рязань
                                    [warning] => Возврат без уценки
                                    [multiplicity] => 1
                                    [chance] => 66
                                    [id] => 38|OC90|N_00000002|70908|1||510.4|3654663256^^^Фильтр масляный^^^510.4
                                )

                            [42] => stdClass Object
                                (
                                    [brand] => MAHLE
                                    [article] => OC90
                                    [name] => Фильтр масляный DAEWOO Nexia CHEVROLET Lanos MAHLE
                                    [cost] => 558.27
                                    [count] => 2
                                    [time] => 1 д.
                                    [stock] => Cella396/1
                                    [city] => Москва
                                    [warning] => Возврат без уценки
                                    [multiplicity] => 1
                                    [chance] => 90
                                    [id] => 38|OC90|N_00000002|3934|1|400443|558.27|1006129969^^^Фильтр масляный DAEWOO Nexia CHEVROLET Lanos MAHLE^^^558.27
                                )

                            [43] => stdClass Object
                                (
                                    [brand] => MAHLE
                                    [article] => OC90
                                    [name] => Фильтр масляный DAEWOO Nexia CHEVROLET Lanos MAHLE
                                    [cost] => 558.27
                                    [count] => 6
                                    [time] => 1 д.
                                    [stock] => Cella499/3
                                    [city] => Москва
                                    [warning] => Возврат без уценки
                                    [multiplicity] => 1
                                    [chance] => 95
                                    [id] => 38|OC90|N_00000002|8181|3|400443|558.27|2715089855^^^Фильтр масляный DAEWOO Nexia CHEVROLET Lanos MAHLE^^^558.27
                                )

                            [44] => stdClass Object
                                (
                                    [brand] => MAHLE
                                    [article] => OC90
                                    [name] => Фильтр масляный DAEWOO Nexia CHEVROLET Lanos MAHLE
                                    [cost] => 561.06
                                    [count] => 6
                                    [time] => 1 д.
                                    [stock] => Cella751/1
                                    [city] => Москва
                                    [warning] => Возврат без уценки
                                    [pp] => Официальный дистрибьютор
                                    [multiplicity] => 1
                                    [chance] => 55
                                    [id] => 38|OC90|N_00000002|19330|1||561.06|1838118462^^^Фильтр масляный DAEWOO Nexia CHEVROLET Lanos MAHLE^^^561.06
                                )

                            [45] => stdClass Object
                                (
                                    [brand] => MAHLE
                                    [article] => OC90
                                    [name] => Фильтр масл.OPEL 1.3-2.5L 85=> /DAEWOO ESPERO,NEXIA 1.5-2.0L
                                    [cost] => 584.64
                                    [count] => 796
                                    [time] => 2 д.
                                    [stock] => Cella1467/1
                                    [city] => Санкт-Петербург
                                    [warning] => Возврат без уценки
                                    [multiplicity] => 1
                                    [chance] => 81
                                    [id] => 38|OC90|N_00004479|81575|1||584.64|965429179^^^Фильтр масл.OPEL 1.3-2.5L 85=> /DAEWOO ESPERO,NEXIA 1.5-2.0L^^^584.64
                                )

                            [46] => stdClass Object
                                (
                                    [brand] => MAHLE
                                    [article] => OC90
                                    [name] => Фильтр масляныи KNECHT OC90
                                    [cost] => 729.3
                                    [count] => 1000
                                    [time] => 60 д.
                                    [stock] => China001/1
                                    [city] => Загран.
                                    [warning] => Отмена заказа после отправки поставщику невозможна
            Возврат невозможен
                                    [return] => 
                                    [multiplicity] => 1
                                    [chance] => 61
                                    [id] => 38|OC90|N_00004741|82589|1||729.3|340835334^^^Фильтр масляныи KNECHT OC90^^^729.3
                                )

                            [47] => stdClass Object
                                (
                                    [brand] => MAHLE
                                    [article] => OC90
                                    [name] => Фильтр масляный Daewoo Nexia 1995-2016/Opel Frontera B 1998-2004
                                    [cost] => 765.6
                                    [count] => 2
                                    [time] => 4 д.
                                    [stock] => Cella1278/1
                                    [city] => Набережные Челны
                                    [warning] => Возврат без уценки
                                    [multiplicity] => 1
                                    [chance] => 48
                                    [id] => 38|OC90|N_00000002|58863|1||765.6|3868859997^^^Фильтр масляный Daewoo Nexia 1995-2016/Opel Frontera B 1998-2004^^^765.6
                                )

                            [48] => stdClass Object
                                (
                                    [brand] => MAHLE
                                    [article] => OC90
                                    [name] => Фильтр масл.Opel Ascona/Astra/Omega/Kadett/Vectra 1.3-3.0i 85>, Фильтр масл.Opel Ascona/Astra/Omega/Kadett/Vectra 1.3-3.0i 85>
                                    [cost] => 1055.23
                                    [count] => 37
                                    [time] => 6 д.
                                    [stock] => Cella2067/1
                                    [city] => Ярославль
                                    [warning] => Возврат без уценки
                                    [multiplicity] => 1
                                    [chance] => 59
                                    [id] => 38|OC90|N_00004479|82494|1||1055.23|979545622^^^Фильтр масл.Opel Ascona/Astra/Omega/Kadett/Vectra 1.3-3.0i 85>, Фильтр масл.Opel Ascona/Astra/Omega/Kadett/Vectra 1.3-3.0i 85>^^^1055.23
                                )

                            [49] => stdClass Object
                                (
                                    [brand] => MAHLE
                                    [article] => OC90
                                    [name] => Oil filter
                                    [cost] => 1076.78
                                    [count] => 30
                                    [time] => 26 д.
                                    [stock] => EU048/1
                                    [city] => Загран.
                                    [warning] => Отмена заказа после отправки поставщику невозможна
            Возврат невозможен
                                    [return] => 
                                    [multiplicity] => 1
                                    [chance] => 72
                                    [id] => 38|OC90|N_00004741|82664|1||1076.78|1694632866^^^Oil filter^^^1076.78
                                )

                            [50] => stdClass Object
                                (
                                    [brand] => MAHLE
                                    [article] => OC90
                                    [name] => Фильтр масляный
                                    [cost] => 1377.68
                                    [count] => 143
                                    [time] => 29 д.
                                    [stock] => Emi025/2
                                    [city] => Загран.
                                    [warning] => Отмена заказа после отправки поставщику невозможна
            Возврат невозможен ВНИМАНИЕ!!! Товар находится заграницей. Возможны задержки с ответами/отказами, а также увеличение сроков поставки!
                                    [return] => 
                                    [multiplicity] => 1
                                    [chance] => 29
                                    [id] => 38|OC90|N_00004741|82048|2||1377.68|881993559^^^Фильтр масляный^^^1377.68
                                )

                        )

                    [status] => 5
                    [searchstring] => OC90
                    [brands] => KNECHTMAHLE
                    [AccountId] => 0
                    [errors] => 
                )

            [3] => stdClass Object
                (
                    [result] => 
                    [status] => 4
                    [AccountId] => 0
                    [errors] =>  Невозможно войти: проверьте правильность ввода имени пользователя и пароля;
                )

            [7] => stdClass Object
                (
                    [result] => 
                    [status] => 4
                    [AccountId] => 0
                    [errors] =>  Невозможно войти: проверьте правильность ввода имени пользователя и пароля;
                )

        )

)

2026-08-03 17:25:40 RETURN: {"status":"ok","items":[{"article":"OC90","brand":"KNECHT","name":"OC90 Фильтр масляный MAHLE Россия","cost":"289.98","price":"289.98","trust_kross":0,"count":"101","time":2,"id":"37|OC90|34|26781|3||289.98|2981274067^^^OC90 Фильтр масляный MAHLE Россия^^^289.98","stock":"Cella915\/3","city_name":"Смоленск","chance":88,"multiplicity":"1","return":1,"plid":5,"pl_name":"adeo.pro","pl_icon":"\/images\/icons\/adeo-pro_ru.ico","deliverer_online_profile_id":"31","brand_id":"4982","sale_price":"290.00"},{"article":"OC90","brand":"KNECHT","name":"\u0424\u0438\u043B\u044C\u0442\u0440 масляный OPEL\/GM\/DAEWOO","cost":"331.1","price":"331.1","trust_kross":0,"count":"5","time":4,"id":"37|OC90|N_00004488|81607|2||331.1|2697246768^^^Фильтр масляный OPEL\/GM\/DAEWOO^^^331.1","stock":"Cella1487\/2","city_name":"Тольятти","chance":93,"multiplicity":"1","return":0,"plid":5,"pl_name":"adeo.pro","pl_icon":"\/images\/icons\/adeo-pro_ru.ico","deliverer_online_profile_id":"31","brand_id":"4982","sale_price":"331.00"},{"article":"OC90","brand":"KNECHT","name":"Фильтр масляный","cost":"331.1","price":"331.1","trust_kross":0,"count":"2","time":4,"id":"37|OC90|N_00004488|81607|1||331.1|776716243^^^Фильтр масляный^^^331.1","stock":"Cella1487\/1","city_name":"Тольятти","chance":89,"multiplicity":"1","return":0,"plid":5,"pl_name":"adeo.pro","pl_icon":"\/images\/icons\/adeo-pro_ru.ico","deliverer_online_profile_id":"31","brand_id":"4982","sale_price":"331.00"},{"article":"OC90","brand":"KNECHT","name":"фильтр масляный","cost":"339.39","price":"339.39","trust_kross":0,"count":"35","time":1,"id":"37|OC90|N_00004488|2795|2||339.39|3937805030^^^фильтр масляный^^^339.39","stock":"Cella327\/2","city_name":"Москва","chance":79,"multiplicity":"1","return":1,"plid":5,"pl_name":"adeo.pro","pl_icon":"\/images\/icons\/adeo-pro_ru.ico","deliverer_online_profile_id":"31","brand_id":"4982","sale_price":"339.00"},{"article":"OC90","brand":"KNECHT","name":"OC90 Фильтр масляный MAHLE Россия","cost":"369.06","price":"369.06","trust_kross":0,"count":"10","time":3,"id":"37|OC90|34|26781|2||369.06|3839839770^^^OC90 Фильтр масляный MAHLE Россия^^^369.06","stock":"Cella915\/2","city_name":"Смоленск","chance":81,"multiplicity":"1","return":1,"plid":5,"pl_name":"adeo.pro","pl_icon":"\/images\/icons\/adeo-pro_ru.ico","deliverer_online_profile_id":"31","brand_id":"4982","sale_price":"369.00"},{"article":"OC90","brand":"KNECHT","name":"OC90 Фильтр масляный MAHLE Россия","cost":"431.65","price":"431.65","trust_kross":0,"count":"19","time":10,"id":"37|OC90|34|56438|3||431.65|11715101^^^OC90 Фильтр масляный MAHLE Россия^^^431.65","stock":"EU021\/3","city_name":"Загран.","chance":70,"multiplicity":"1","return":0,"plid":5,"pl_name":"adeo.pro","pl_icon":"\/images\/icons\/adeo-pro_ru.ico","deliverer_online_profile_id":"31","brand_id":"4982","sale_price":"432.00"},{"article":"OC90","brand":"KNECHT","name":"\u0444\u0438\u043B\u044C\u0442\u0440 масляный Opel Ascona\/Astra\/Omega\/Kadett\/Vectra 1.3-3.0i 85>","cost":"599.82","price":"599.82","trust_kross":0,"count":"1150","time":54,"id":"37|OC90|34|81751|1||599.82|3665993274^^^фильтр масляный Opel Ascona\/Astra\/Omega\/Kadett\/Vectra 1.3-3.0i 85>^^^599.82","stock":"EU033\/1","city_name":"Загран.","chance":32,"multiplicity":"1","return":0,"plid":5,"pl_name":"adeo.pro","pl_icon":"\/images\/icons\/adeo-pro_ru.ico","deliverer_online_profile_id":"31","brand_id":"4982","sale_price":"600.00"},{"article":"OC90","brand":"MAHLE","name":"Фильтр масляный","cost":"267.3","price":"267.3","trust_kross":0,"count":"500","time":2,"id":"38|OC90|N_00004479|47367|2||267.3|2308180746^^^Фильтр масляный^^^267.3","stock":"Cella1169\/2","city_name":"Москва","chance":88,"multiplicity":"1","pp":"Официальный дистрибьютор","return":1,"plid":5,"pl_name":"adeo.pro","pl_icon":"\/images\/icons\/adeo-pro_ru.ico","deliverer_online_profile_id":"31","brand_id":"4982","sale_price":"267.00"},{"article":"OC90","brand":"MAHLE","name":"Фильтр масляный","cost":"283.34","price":"283.34","trust_kross":0,"count":"462","time":1,"id":"38|OC90|N_00004479|66356|1||283.34|2578198025^^^Фильтр масляный^^^283.34","stock":"Cella1336\/1","city_name":"Москва","chance":83,"multiplicity":"1","return":1,"plid":5,"pl_name":"adeo.pro","pl_icon":"\/images\/icons\/adeo-pro_ru.ico","deliverer_online_profile_id":"31","brand_id":"4982","sale_price":"283.00"},{"article":"OC90","brand":"MAHLE","name":"Фильтр масляный CHEVROLET: AVEO хечбэк 08-, AVEO седан 06-, CAPTIVA 06-, EVANDA 05-, KALOS 05-, KALOS седан 05-, LACETTI 05-, NUBIRA седан 05-, NUBIRA универсал","cost":"293.54","price":"293.54","trust_kross":0,"count":">50","time":1,"id":"38|OC90|N_00000002|5989|1||293.54|2969018167^^^Фильтр масляный CHEVROLET: AVEO хечбэк 08-, AVEO седан 06-, CAPTIVA 06-, EVANDA 05-, KALOS 05-, KALOS седан 05-, LACETTI 05-, NUBIRA седан 05-, NUBIRA универсал^^^293.54","stock":"Cella456\/1","city_name":"Москва","chance":95,"multiplicity":"1","pp":"Официальный дистрибьютор","return":1,"plid":5,"pl_name":"adeo.pro","pl_icon":"\/images\/icons\/adeo-pro_ru.ico","deliverer_online_profile_id":"31","brand_id":"4982","sale_price":"294.00"},{"article":"OC90","brand":"MAHLE","name":"Фильтр масляный CHEVROLET: AVEO хечбэк 08-, AVEO седан 06-, CAPTIVA 06-, EVANDA 05-, KALOS 05-, KALOS седан 05-, LACETTI 05-, NUBIRA седан 05-, NUBIRA универсал","cost":"295.16","price":"295.16","trust_kross":0,"count":"41","time":1,"id":"38|OC90|N_00000002|81812|1||295.16|1914103525^^^Фильтр масляный CHEVROLET: AVEO хечбэк 08-, AVEO седан 06-, CAPTIVA 06-, EVANDA 05-, KALOS 05-, KALOS седан 05-, LACETTI 05-, NUBIRA седан 05-, NUBIRA универсал^^^295.16","stock":"Cella139\/1","city_name":"Смоленск","chance":94,"multiplicity":"1","return":1,"plid":5,"pl_name":"adeo.pro","pl_icon":"\/images\/icons\/adeo-pro_ru.ico","deliverer_online_profile_id":"31","brand_id":"4982","sale_price":"295.00"},{"article":"OC90","brand":"MAHLE","name":"Фильтр масляный","cost":"295.16","price":"295.16","trust_kross":0,"count":"5","time":3,"id":"38|OC90|N_00000002|81812|2||295.16|1268505120^^^Фильтр масляный^^^295.16","stock":"Cella139\/2","city_name":"Смоленск","chance":82,"multiplicity":"1","return":1,"plid":5,"pl_name":"adeo.pro","pl_icon":"\/images\/icons\/adeo-pro_ru.ico","deliverer_online_profile_id":"31","brand_id":"4982","sale_price":"295.00"},{"article":"OC90","brand":"MAHLE","name":"Фильтр масляный","cost":"295.16","price":"295.16","trust_kross":0,"count":"1","time":3,"id":"38|OC90|N_00000002|81812|4||295.16|948020138^^^Фильтр масляный^^^295.16","stock":"Cella139\/4","city_name":"Смоленск","chance":89,"multiplicity":"1","return":1,"plid":5,"pl_name":"adeo.pro","pl_icon":"\/images\/icons\/adeo-pro_ru.ico","deliverer_online_profile_id":"31","brand_id":"4982","sale_price":"295.00"},{"article":"OC90","brand":"MAHLE","name":"Фильтр масляный","cost":"295.16","price":"295.16","trust_kross":0,"count":"1","time":3,"id":"38|OC90|N_00000002|81812|3||295.16|1558236771^^^Фильтр масляный^^^295.16","stock":"Cella139\/3","city_name":"Смоленск","chance":96,"multiplicity":"1","return":1,"plid":5,"pl_name":"adeo.pro","pl_icon":"\/images\/icons\/adeo-pro_ru.ico","deliverer_online_profile_id":"31","brand_id":"4982","sale_price":"295.00"},{"article":"OC90","brand":"MAHLE","name":"Фильтр масляный","cost":"306.67","price":"306.67","trust_kross":0,"count":"100","time":1,"id":"38|OC90|N_00000002|64|1||306.67|972192625^^^Фильтр масляный^^^306.67","stock":"Cella055\/1","city_name":"Москва","chance":88,"multiplicity":"1","pp":"Официальный дистрибьютор","return":1,"plid":5,"pl_name":"adeo.pro","pl_icon":"\/images\/icons\/adeo-pro_ru.ico","deliverer_online_profile_id":"31","brand_id":"4982","sale_price":"307.00"},{"article":"OC90","brand":"MAHLE","name":"Фильтр масляный","cost":"309.63","price":"309.63","trust_kross":0,"count":"1","time":2,"id":"38|OC90|10223|45751|2||309.63|1508890566^^^Фильтр масляный^^^309.63","stock":"Cella1160\/2","city_name":"Минск","chance":87,"multiplicity":"1","return":1,"plid":5,"pl_name":"adeo.pro","pl_icon":"\/images\/icons\/adeo-pro_ru.ico","deliverer_online_profile_id":"31","brand_id":"4982","sale_price":"310.00"},{"article":"OC90","brand":"MAHLE","name":"Фильтр масляный","cost":"315.82","price":"315.82","trust_kross":0,"count":"1","time":2,"id":"38|OC90|N_00000002|82425|2||315.82|3731252807^^^Фильтр масляный^^^315.82","stock":"Cella2005\/2","city_name":"Санкт-Петербург","chance":86,"multiplicity":"1","return":0,"plid":5,"pl_name":"adeo.pro","pl_icon":"\/images\/icons\/adeo-pro_ru.ico","deliverer_online_profile_id":"31","brand_id":"4982","sale_price":"316.00"},{"article":"OC90","brand":"MAHLE","name":"\u0424\u0438\u043B\u044C\u0442\u0440 масляный Chevrolet Aveo 1.4 06>, Captiva 2.4 06>, Cruze 1.6 09>, Lacetti 1.4-1.8 05>, Lanos 1.4-1.6 05>, Rezzo 1.6-2.0 05> \/ Daewoo Espero 1.5-2.0, Leganza 2.0 97>, Nexia 1.5 95> \/ Opel Astra F\/G 1.4-2.0 >04","cost":"324.13","price":"324.13","trust_kross":0,"count":"100","time":2,"id":"38|OC90|N_00000002|82009|1|AS000015361|324.13|3702368689^^^Фильтр масляный Chevrolet Aveo 1.4 06>, Captiva 2.4 06>, Cruze 1.6 09>, Lacetti 1.4-1.8 05>, Lanos 1.4-1.6 05>, Rezzo 1.6-2.0 05> \/ Daewoo Espero 1.5-2.0, Leganza 2.0 97>, Nexia 1.5 95> \/ Opel Astra F\/G 1.4-2.0 >04^^^324.13","stock":"Cella1725\/1","city_name":"Ростов-на-Дону","chance":91,"multiplicity":"1","return":1,"plid":5,"pl_name":"adeo.pro","pl_icon":"\/images\/icons\/adeo-pro_ru.ico","deliverer_online_profile_id":"31","brand_id":"4982","sale_price":"324.00"},{"article":"OC90","brand":"MAHLE","name":"Фильтр масляный CHEVROLET: AVEO хечбэк 08-, AVEO седан 06-, CAPTIVA 06-, EVANDA 05-, KALOS 05-, KALOS седан 05-, LACETTI 05-, NUBIRA седан 05-, NUBIRA","cost":"328.01","price":"328.01","trust_kross":0,"count":"300","time":3,"id":"38|OC90|10223|48749|1||328.01|2362885341^^^Фильтр масляный CHEVROLET: AVEO хечбэк 08-, AVEO седан 06-, CAPTIVA 06-, EVANDA 05-, KALOS 05-, KALOS седан 05-, LACETTI 05-, NUBIRA седан 05-, NUBIRA^^^328.01","stock":"Cella1185\/1","city_name":"Минск","chance":85,"multiplicity":"1","return":1,"plid":5,"pl_name":"adeo.pro","pl_icon":"\/images\/icons\/adeo-pro_ru.ico","deliverer_online_profile_id":"31","brand_id":"4982","sale_price":"328.00"},{"article":"OC90","brand":"MAHLE","name":"Фильтр масляный OC90","cost":"330","price":"330","trust_kross":0,"count":"4","time":1,"id":"38|OC90|N_00000002|81637|1||330|2709690534^^^Фильтр масляный OC90^^^330","stock":"Cella1507\/1","city_name":"Москва","chance":98,"multiplicity":"1","return":1,"plid":5,"pl_name":"adeo.pro","pl_icon":"\/images\/icons\/adeo-pro_ru.ico","deliverer_online_profile_id":"31","brand_id":"4982","sale_price":"330.00"},{"article":"OC90","brand":"MAHLE","name":"Фильтр масляный","cost":"334.16","price":"334.16","trust_kross":0,"count":"400","time":2,"id":"38|OC90|N_00000002|97|2||334.16|1055304398^^^Фильтр масляный^^^334.16","stock":"Cella089\/2","city_name":"Санкт-Петербург","chance":80,"multiplicity":"1","pp":"Официальный дистрибьютор","return":1,"plid":5,"pl_name":"adeo.pro","pl_icon":"\/images\/icons\/adeo-pro_ru.ico","deliverer_online_profile_id":"31","brand_id":"4982","sale_price":"334.00"},{"article":"OC90","brand":"MAHLE","name":"Фильтр масляный","cost":"334.16","price":"334.16","trust_kross":0,"count":"14","time":2,"id":"38|OC90|N_00000002|97|1||334.16|124491275^^^Фильтр масляный^^^334.16","stock":"Cella089\/1","city_name":"Москва","chance":72,"multiplicity":"1","pp":"Официальный дистрибьютор","return":1,"plid":5,"pl_name":"adeo.pro","pl_icon":"\/images\/icons\/adeo-pro_ru.ico","deliverer_online_profile_id":"31","brand_id":"4982","sale_price":"334.00"},{"article":"OC90","brand":"MAHLE","name":"Фильтр масляный","cost":"339.61","price":"339.61","trust_kross":0,"count":"50","time":1,"id":"38|OC90|N_00000002|58|1||339.61|3000431861^^^Фильтр масляный^^^339.61","stock":"Cella049\/1","city_name":"Москва","chance":87,"multiplicity":"1","return":1,"plid":5,"pl_name":"adeo.pro","pl_icon":"\/images\/icons\/adeo-pro_ru.ico","deliverer_online_profile_id":"31","brand_id":"4982","sale_price":"340.00"},{"article":"OC90","brand":"MAHLE","name":"Фильтр масляный","cost":"340.04","price":"340.04","trust_kross":0,"count":"10","time":2,"id":"38|OC90|10223|45751|1||340.04|550776940^^^Фильтр масляный^^^340.04","stock":"Cella1160\/1","city_name":"Минск","chance":88,"multiplicity":"1","return":1,"plid":5,"pl_name":"adeo.pro","pl_icon":"\/images\/icons\/adeo-pro_ru.ico","deliverer_online_profile_id":"31","brand_id":"4982","sale_price":"340.00"},{"article":"OC90","brand":"MAHLE","name":"Фильтр масляный Daewoo Espero, Lanos,Leganza, Nexia, Nubira Opel Astra, Corsa, Vectra","cost":"342.1","price":"342.1","trust_kross":0,"count":"500","time":3,"id":"38|OC90|N_00004479|47367|1||342.1|2025278997^^^Фильтр масляный Daewoo Espero, Lanos,Leganza, Nexia, Nubira Opel Astra, Corsa, Vectra^^^342.1","stock":"Cella1169\/1","city_name":"Минск","chance":82,"multiplicity":"1","pp":"Официальный дистрибьютор","return":1,"plid":5,"pl_name":"adeo.pro","pl_icon":"\/images\/icons\/adeo-pro_ru.ico","deliverer_online_profile_id":"31","brand_id":"4982","sale_price":"342.00"},{"article":"OC90","brand":"MAHLE","name":"Фильтр масляный","cost":"351.85","price":"351.85","trust_kross":0,"count":"20","time":3,"id":"38|OC90|N_00004479|13787|3||351.85|978773378^^^Фильтр масляный^^^351.85","stock":"Cella611\/3","city_name":"Минск","chance":71,"multiplicity":"1","pp":" Центральный склад","return":0,"plid":5,"pl_name":"adeo.pro","pl_icon":"\/images\/icons\/adeo-pro_ru.ico","deliverer_online_profile_id":"31","brand_id":"4982","sale_price":"352.00"},{"article":"OC90","brand":"MAHLE","name":"Фильтр масляный","cost":"353.1","price":"353.1","trust_kross":0,"count":"1","time":6,"id":"38|OC90|N_00000002|80867|1||353.1|2136276270^^^Фильтр масляный^^^353.1","stock":"Cella1449\/1","city_name":"Новосибирск","chance":81,"multiplicity":"1","return":1,"plid":5,"pl_name":"adeo.pro","pl_icon":"\/images\/icons\/adeo-pro_ru.ico","deliverer_online_profile_id":"31","brand_id":"4982","sale_price":"353.00"},{"article":"OC90","brand":"MAHLE","name":"Фильтр масляный","cost":"354.2","price":"354.2","trust_kross":0,"count":"2","time":6,"id":"38|OC90|N_00000002|33421|2||354.2|664970389^^^Фильтр масляный^^^354.2","stock":"Cella1037\/2","city_name":"Тольятти","chance":79,"multiplicity":"1","return":1,"plid":5,"pl_name":"adeo.pro","pl_icon":"\/images\/icons\/adeo-pro_ru.ico","deliverer_online_profile_id":"31","brand_id":"4982","sale_price":"354.00"},{"article":"OC90","brand":"MAHLE","name":"Фильтр масляный 90","cost":"361.9","price":"361.9","trust_kross":0,"count":"7","time":9,"id":"38|OC90|N_00000002|66065|3||361.9|1260135807^^^Фильтр масляный 90^^^361.9","stock":"Cella1332\/3","city_name":"Новосибирск","chance":77,"multiplicity":"1","return":1,"plid":5,"pl_name":"adeo.pro","pl_icon":"\/images\/icons\/adeo-pro_ru.ico","deliverer_online_profile_id":"31","brand_id":"4982","sale_price":"362.00"},{"article":"OC90","brand":"MAHLE","name":"Масляный фильтр MAHLE ORIGINAL OC 90 (MAHLE) G102 OPEL","cost":"362.61","price":"362.61","trust_kross":0,"count":"100","time":1,"id":"38|OC90|10223|516|1|01438299|362.61|2694487905^^^Масляный фильтр MAHLE ORIGINAL OC 90 (MAHLE) G102 OPEL^^^362.61","stock":"Cella178\/1","city_name":"Минск","chance":94,"multiplicity":"1","return":1,"plid":5,"pl_name":"adeo.pro","pl_icon":"\/images\/icons\/adeo-pro_ru.ico","deliverer_online_profile_id":"31","brand_id":"4982","sale_price":"363.00"},{"article":"OC90","brand":"MAHLE","name":"Фильтр масляный","cost":"363","price":"363","trust_kross":0,"count":"1","time":9,"id":"38|OC90|N_00004479|81959|1||363|2707903187^^^Фильтр масляный^^^363","stock":"Cella1696\/1","city_name":"Екатеринбург","chance":84,"multiplicity":"1","return":1,"plid":5,"pl_name":"adeo.pro","pl_icon":"\/images\/icons\/adeo-pro_ru.ico","deliverer_online_profile_id":"31","brand_id":"4982","sale_price":"363.00"},{"article":"OC90","brand":"MAHLE","name":"Фильтр масляный Daewoo Espero, Lanos,Leganza, Nexia, Nubira Opel Astra, Corsa, Vectra","cost":"365.36","price":"365.36","trust_kross":0,"count":"6","time":4,"id":"38|OC90|10223|82604|1||365.36|3165888546^^^Фильтр масляный Daewoo Espero, Lanos,Leganza, Nexia, Nubira Opel Astra, Corsa, Vectra^^^365.36","stock":"Cella2168\/1","city_name":"Москва","chance":41,"multiplicity":"1","return":0,"plid":5,"pl_name":"adeo.pro","pl_icon":"\/images\/icons\/adeo-pro_ru.ico","deliverer_online_profile_id":"31","brand_id":"4982","sale_price":"365.00"},{"article":"OC90","brand":"MAHLE","name":"Фильтр масляный","cost":"371.66","price":"371.66","trust_kross":0,"count":"5","time":4,"id":"38|OC90|N_00000002|81571|26||371.66|3721390159^^^Фильтр масляный^^^371.66","stock":"Cella1465\/26","city_name":"Симферополь","chance":74,"multiplicity":"1","return":1,"plid":5,"pl_name":"adeo.pro","pl_icon":"\/images\/icons\/adeo-pro_ru.ico","deliverer_online_profile_id":"31","brand_id":"4982","sale_price":"372.00"},{"article":"OC90","brand":"MAHLE","name":"Фильтр масляный OC90","cost":"374","price":"374","trust_kross":0,"count":"7","time":10,"id":"38|OC90|N_00004741|81931|1||374|2366330035^^^Фильтр масляный OC90^^^374","stock":"Cella1679\/1","city_name":"Красноярск","chance":56,"multiplicity":"1","return":1,"plid":5,"pl_name":"adeo.pro","pl_icon":"\/images\/icons\/adeo-pro_ru.ico","deliverer_online_profile_id":"31","brand_id":"4982","sale_price":"374.00"},{"article":"OC90","brand":"MAHLE","name":"\u0424\u0438\u043B\u044C\u0442\u0440 масляный CHEVROLET LACETTI\/CAPTIVA","cost":"398.2","price":"398.2","trust_kross":0,"count":">100","time":1,"id":"38|OC90|N_00004741|28926|1||398.2|3201447251^^^Фильтр масляный CHEVROLET LACETTI\/CAPTIVA^^^398.2","stock":"Cella952\/1","city_name":"Санкт-Петербург","chance":94,"multiplicity":"1","pp":"Официальный дистрибьютор","return":1,"plid":5,"pl_name":"adeo.pro","pl_icon":"\/images\/icons\/adeo-pro_ru.ico","deliverer_online_profile_id":"31","brand_id":"4982","sale_price":"398.00"},{"article":"OC90","brand":"MAHLE","name":"\u0424\u0438\u043B\u044C\u0442\u0440 масляный CHEVROLET LACETTI\/CAPTIVA","cost":"403.7","price":"403.7","trust_kross":0,"count":"1","time":1,"id":"38|OC90|N_00004741|82348|1||403.7|4192605067^^^Фильтр масляный CHEVROLET LACETTI\/CAPTIVA^^^403.7","stock":"Cella1934\/1","city_name":"Москва","chance":92,"multiplicity":"1","return":1,"plid":5,"pl_name":"adeo.pro","pl_icon":"\/images\/icons\/adeo-pro_ru.ico","deliverer_online_profile_id":"31","brand_id":"4982","sale_price":"404.00"},{"article":"OC90","brand":"MAHLE","name":"Фильтр масляный OC90","cost":"403.7","price":"403.7","trust_kross":0,"count":"+","time":1,"id":"38|OC90|N_00004741|82745|1||403.7|253666116^^^Фильтр масляный OC90^^^403.7","stock":"Cella2295\/1","city_name":"Москва","chance":90,"multiplicity":"1","return":1,"plid":5,"pl_name":"adeo.pro","pl_icon":"\/images\/icons\/adeo-pro_ru.ico","deliverer_online_profile_id":"31","brand_id":"4982","sale_price":"404.00"},{"article":"OC90","brand":"MAHLE","name":"Фильтр масляный","cost":"417.87","price":"417.87","trust_kross":0,"count":"1","time":6,"id":"38|OC90|10223|81571|13||417.87|2615364889^^^Фильтр масляный^^^417.87","stock":"Cella1465\/13","city_name":"Феодосия","chance":93,"multiplicity":"1","return":1,"plid":5,"pl_name":"adeo.pro","pl_icon":"\/images\/icons\/adeo-pro_ru.ico","deliverer_online_profile_id":"31","brand_id":"4982","sale_price":"418.00"},{"article":"OC90","brand":"MAHLE","name":"Фильтр масляный","cost":"451","price":"451","trust_kross":0,"count":"3","time":2,"id":"38|OC90|N_00000002|82001|1||451|4002298423^^^Фильтр масляный^^^451","stock":"Cella1720\/1","city_name":"Псков","chance":91,"multiplicity":"1","pp":"Официальный дистрибьютор","return":1,"plid":5,"pl_name":"adeo.pro","pl_icon":"\/images\/icons\/adeo-pro_ru.ico","deliverer_online_profile_id":"31","brand_id":"4982","sale_price":"451.00"},{"article":"OC90","brand":"MAHLE","name":"\u0424\u0438\u043B\u044C\u0442\u0440 масляный OPEL\/GM\/DAEWOO MAHLE OC90","cost":"466.4","price":"466.4","trust_kross":0,"count":"2","time":2,"id":"38|OC90|N_00000002|82485|1||466.4|2595601221^^^Фильтр масляный OPEL\/GM\/DAEWOO MAHLE OC90^^^466.4","stock":"Cella2060\/1","city_name":"Ярославль","chance":91,"multiplicity":"1","return":1,"plid":5,"pl_name":"adeo.pro","pl_icon":"\/images\/icons\/adeo-pro_ru.ico","deliverer_online_profile_id":"31","brand_id":"4982","sale_price":"466.00"},{"article":"OC90","brand":"MAHLE","name":"\u0424\u0438\u043B\u044C\u0442\u0440 масляный Daewoo Nexia 1995-2016\/Opel Frontera B 1998-2004","cost":"509.12","price":"509.12","trust_kross":0,"count":"2","time":10,"id":"38|OC90|N_00000002|58863|3||509.12|3858783240^^^Фильтр масляный Daewoo Nexia 1995-2016\/Opel Frontera B 1998-2004^^^509.12","stock":"Cella1278\/3","city_name":"Москва","chance":37,"multiplicity":"1","return":1,"plid":5,"pl_name":"adeo.pro","pl_icon":"\/images\/icons\/adeo-pro_ru.ico","deliverer_online_profile_id":"31","brand_id":"4982","sale_price":"509.00"},{"article":"OC90","brand":"MAHLE","name":"Фильтр масляный","cost":"510.4","price":"510.4","trust_kross":0,"count":"1","time":6,"id":"38|OC90|N_00000002|70908|1||510.4|3654663256^^^Фильтр масляный^^^510.4","stock":"Cella1378\/1","city_name":"Рязань","chance":66,"multiplicity":"1","return":1,"plid":5,"pl_name":"adeo.pro","pl_icon":"\/images\/icons\/adeo-pro_ru.ico","deliverer_online_profile_id":"31","brand_id":"4982","sale_price":"510.00"},{"article":"OC90","brand":"MAHLE","name":"Фильтр масляный DAEWOO Nexia CHEVROLET Lanos MAHLE","cost":"558.27","price":"558.27","trust_kross":0,"count":"2","time":1,"id":"38|OC90|N_00000002|3934|1|400443|558.27|1006129969^^^Фильтр масляный DAEWOO Nexia CHEVROLET Lanos MAHLE^^^558.27","stock":"Cella396\/1","city_name":"Москва","chance":90,"multiplicity":"1","return":1,"plid":5,"pl_name":"adeo.pro","pl_icon":"\/images\/icons\/adeo-pro_ru.ico","deliverer_online_profile_id":"31","brand_id":"4982","sale_price":"558.00"},{"article":"OC90","brand":"MAHLE","name":"Фильтр масляный DAEWOO Nexia CHEVROLET Lanos MAHLE","cost":"558.27","price":"558.27","trust_kross":0,"count":"6","time":1,"id":"38|OC90|N_00000002|8181|3|400443|558.27|2715089855^^^Фильтр масляный DAEWOO Nexia CHEVROLET Lanos MAHLE^^^558.27","stock":"Cella499\/3","city_name":"Москва","chance":95,"multiplicity":"1","return":1,"plid":5,"pl_name":"adeo.pro","pl_icon":"\/images\/icons\/adeo-pro_ru.ico","deliverer_online_profile_id":"31","brand_id":"4982","sale_price":"558.00"},{"article":"OC90","brand":"MAHLE","name":"Фильтр масляный DAEWOO Nexia CHEVROLET Lanos MAHLE","cost":"561.06","price":"561.06","trust_kross":0,"count":"6","time":1,"id":"38|OC90|N_00000002|19330|1||561.06|1838118462^^^Фильтр масляный DAEWOO Nexia CHEVROLET Lanos MAHLE^^^561.06","stock":"Cella751\/1","city_name":"Москва","chance":55,"multiplicity":"1","pp":"Официальный дистрибьютор","return":1,"plid":5,"pl_name":"adeo.pro","pl_icon":"\/images\/icons\/adeo-pro_ru.ico","deliverer_online_profile_id":"31","brand_id":"4982","sale_price":"561.00"},{"article":"OC90","brand":"MAHLE","name":"\u0424\u0438\u043B\u044C\u0442\u0440 масл.OPEL 1.3-2.5L 85=> \/DAEWOO ESPERO,NEXIA 1.5-2.0L","cost":"584.64","price":"584.64","trust_kross":0,"count":"796","time":2,"id":"38|OC90|N_00004479|81575|1||584.64|965429179^^^Фильтр масл.OPEL 1.3-2.5L 85=> \/DAEWOO ESPERO,NEXIA 1.5-2.0L^^^584.64","stock":"Cella1467\/1","city_name":"Санкт-Петербург","chance":81,"multiplicity":"1","return":1,"plid":5,"pl_name":"adeo.pro","pl_icon":"\/images\/icons\/adeo-pro_ru.ico","deliverer_online_profile_id":"31","brand_id":"4982","sale_price":"585.00"},{"article":"OC90","brand":"MAHLE","name":"Фильтр масляныи KNECHT OC90","cost":"729.3","price":"729.3","trust_kross":0,"count":"1000","time":60,"id":"38|OC90|N_00004741|82589|1||729.3|340835334^^^Фильтр масляныи KNECHT OC90^^^729.3","stock":"China001\/1","city_name":"Загран.","chance":61,"multiplicity":"1","return":0,"plid":5,"pl_name":"adeo.pro","pl_icon":"\/images\/icons\/adeo-pro_ru.ico","deliverer_online_profile_id":"31","brand_id":"4982","sale_price":"729.00"},{"article":"OC90","brand":"MAHLE","name":"\u0424\u0438\u043B\u044C\u0442\u0440 масляный Daewoo Nexia 1995-2016\/Opel Frontera B 1998-2004","cost":"765.6","price":"765.6","trust_kross":0,"count":"2","time":4,"id":"38|OC90|N_00000002|58863|1||765.6|3868859997^^^Фильтр масляный Daewoo Nexia 1995-2016\/Opel Frontera B 1998-2004^^^765.6","stock":"Cella1278\/1","city_name":"Набережные Челны","chance":48,"multiplicity":"1","return":1,"plid":5,"pl_name":"adeo.pro","pl_icon":"\/images\/icons\/adeo-pro_ru.ico","deliverer_online_profile_id":"31","brand_id":"4982","sale_price":"766.00"},{"article":"OC90","brand":"MAHLE","name":"\u0424\u0438\u043B\u044C\u0442\u0440 масл.Opel Ascona\/Astra\/Omega\/Kadett\/Vectra 1.3-3.0i 85>, Фильтр масл.Opel Ascona\/Astra\/Omega\/Kadett\/Vectra 1.3-3.0i 85>","cost":"1055.23","price":"1055.23","trust_kross":0,"count":"37","time":6,"id":"38|OC90|N_00004479|82494|1||1055.23|979545622^^^Фильтр масл.Opel Ascona\/Astra\/Omega\/Kadett\/Vectra 1.3-3.0i 85>, Фильтр масл.Opel Ascona\/Astra\/Omega\/Kadett\/Vectra 1.3-3.0i 85>^^^1055.23","stock":"Cella2067\/1","city_name":"Ярославль","chance":59,"multiplicity":"1","return":1,"plid":5,"pl_name":"adeo.pro","pl_icon":"\/images\/icons\/adeo-pro_ru.ico","deliverer_online_profile_id":"31","brand_id":"4982","sale_price":"1055.00"},{"article":"OC90","brand":"MAHLE","name":"Oil filter","cost":"1076.78","price":"1076.78","trust_kross":0,"count":"30","time":26,"id":"38|OC90|N_00004741|82664|1||1076.78|1694632866^^^Oil filter^^^1076.78","stock":"EU048\/1","city_name":"Загран.","chance":72,"multiplicity":"1","return":0,"plid":5,"pl_name":"adeo.pro","pl_icon":"\/images\/icons\/adeo-pro_ru.ico","deliverer_online_profile_id":"31","brand_id":"4982","sale_price":"1077.00"},{"article":"OC90","brand":"MAHLE","name":"Фильтр масляный","cost":"1377.68","price":"1377.68","trust_kross":0,"count":"143","time":29,"id":"38|OC90|N_00004741|82048|2||1377.68|881993559^^^Фильтр масляный^^^1377.68","stock":"Emi025\/2","city_name":"Загран.","chance":29,"multiplicity":"1","return":0,"plid":5,"pl_name":"adeo.pro","pl_icon":"\/images\/icons\/adeo-pro_ru.ico","deliverer_online_profile_id":"31","brand_id":"4982","sale_price":"1378.00"}],"authorized":"OK","search_str":"OC90","res_res":{"8def16b7ff93b2":{"14":{"result":null,"status":5,"searchstring":"OC90","brands":"KNECHTMAHLE","AccountId":"0","errors":""},"5":{"result":[{"brand":"KNECHT","article":"OC90","name":"OC90 Фильтр масляный MAHLE Россия","cost":"289.98","count":"101","time":"2 д.","stock":"Cella915\/3","city":"Смоленск","warning":"Возврат без уценки","multiplicity":"1","chance":88,"id":"37|OC90|34|26781|3||289.98|2981274067^^^OC90 Фильтр масляный MAHLE Россия^^^289.98"},{"brand":"KNECHT","article":"OC90","name":"\u0424\u0438\u043B\u044C\u0442\u0440 масляный OPEL\/GM\/DAEWOO","cost":"331.1","count":"5","time":"4 д.","stock":"Cella1487\/2","city":"Тольятти","warning":"Возврат невозможен","return":false,"multiplicity":"1","chance":93,"id":"37|OC90|N_00004488|81607|2||331.1|2697246768^^^Фильтр масляный OPEL\/GM\/DAEWOO^^^331.1"},{"brand":"KNECHT","article":"OC90","name":"Фильтр масляный","cost":"331.1","count":"2","time":"4 д.","stock":"Cella1487\/1","city":"Тольятти","warning":"Возврат невозможен","return":false,"multiplicity":"1","chance":89,"id":"37|OC90|N_00004488|81607|1||331.1|776716243^^^Фильтр масляный^^^331.1"},{"brand":"KNECHT","article":"OC90","name":"фильтр масляный","cost":"339.39","count":"35","time":"1 д.","stock":"Cella327\/2","city":"Москва","warning":[],"multiplicity":"1","chance":79,"id":"37|OC90|N_00004488|2795|2||339.39|3937805030^^^фильтр масляный^^^339.39"},{"brand":"KNECHT","article":"OC90","name":"OC90 Фильтр масляный MAHLE Россия","cost":"369.06","count":"10","time":"3 д.","stock":"Cella915\/2","city":"Смоленск","warning":"Возврат без уценки","multiplicity":"1","chance":81,"id":"37|OC90|34|26781|2||369.06|3839839770^^^OC90 Фильтр масляный MAHLE Россия^^^369.06"},{"brand":"KNECHT","article":"OC90","name":"OC90 Фильтр масляный MAHLE Россия","cost":"431.65","count":"19","time":"10 д.","stock":"EU021\/3","city":"Загран.","warning":"\u041E\u0442\u043C\u0435\u043D\u0430 заказа после отправки поставщику невозможна\n            Возврат невозможен ВНИМАНИЕ!!! Товар находится заграницей. Возможно увеличение сроков поставки!","return":false,"multiplicity":"1","chance":70,"id":"37|OC90|34|56438|3||431.65|11715101^^^OC90 Фильтр масляный MAHLE Россия^^^431.65"},{"brand":"KNECHT","article":"OC90","name":"\u0444\u0438\u043B\u044C\u0442\u0440 масляный Opel Ascona\/Astra\/Omega\/Kadett\/Vectra 1.3-3.0i 85>","cost":"599.82","count":"1150","time":"54 д.","stock":"EU033\/1","city":"Загран.","warning":"\u041E\u0442\u043C\u0435\u043D\u0430 заказа после отправки поставщику невозможна\n            Возврат невозможен","return":false,"multiplicity":"1","chance":32,"id":"37|OC90|34|81751|1||599.82|3665993274^^^фильтр масляный Opel Ascona\/Astra\/Omega\/Kadett\/Vectra 1.3-3.0i 85>^^^599.82"},{"brand":"MAHLE","article":"OC90","name":"Фильтр масляный","cost":"267.3","count":"500","time":"2 д.","stock":"Cella1169\/2","city":"Москва","warning":"Возврат без уценки","pp":"Официальный дистрибьютор","multiplicity":"1","chance":88,"id":"38|OC90|N_00004479|47367|2||267.3|2308180746^^^Фильтр масляный^^^267.3"},{"brand":"MAHLE","article":"OC90","name":"Фильтр масляный","cost":"283.34","count":"462","time":"1 д.","stock":"Cella1336\/1","city":"Москва","warning":"Возврат без уценки","multiplicity":"1","chance":83,"id":"38|OC90|N_00004479|66356|1||283.34|2578198025^^^Фильтр масляный^^^283.34"},{"brand":"MAHLE","article":"OC90","name":"Фильтр масляный CHEVROLET: AVEO хечбэк 08-, AVEO седан 06-, CAPTIVA 06-, EVANDA 05-, KALOS 05-, KALOS седан 05-, LACETTI 05-, NUBIRA седан 05-, NUBIRA универсал","cost":"293.54","count":">50","time":"1 д.","stock":"Cella456\/1","city":"Москва","warning":"\u041E\u0442\u043C\u0435\u043D\u0430 заказа после отправки поставщику невозможна\n            Возврат без уценки","pp":"Официальный дистрибьютор","multiplicity":"1","chance":95,"id":"38|OC90|N_00000002|5989|1||293.54|2969018167^^^Фильтр масляный CHEVROLET: AVEO хечбэк 08-, AVEO седан 06-, CAPTIVA 06-, EVANDA 05-, KALOS 05-, KALOS седан 05-, LACETTI 05-, NUBIRA седан 05-, NUBIRA универсал^^^293.54"},{"brand":"MAHLE","article":"OC90","name":"Фильтр масляный CHEVROLET: AVEO хечбэк 08-, AVEO седан 06-, CAPTIVA 06-, EVANDA 05-, KALOS 05-, KALOS седан 05-, LACETTI 05-, NUBIRA седан 05-, NUBIRA универсал","cost":"295.16","count":"41","time":"1 д.","stock":"Cella139\/1","city":"Смоленск","warning":"Возврат без уценки","multiplicity":"1","chance":94,"id":"38|OC90|N_00000002|81812|1||295.16|1914103525^^^Фильтр масляный CHEVROLET: AVEO хечбэк 08-, AVEO седан 06-, CAPTIVA 06-, EVANDA 05-, KALOS 05-, KALOS седан 05-, LACETTI 05-, NUBIRA седан 05-, NUBIRA универсал^^^295.16"},{"brand":"MAHLE","article":"OC90","name":"Фильтр масляный","cost":"295.16","count":"5","time":"3 д.","stock":"Cella139\/2","city":"Смоленск","warning":"Возврат без уценки","multiplicity":"1","chance":82,"id":"38|OC90|N_00000002|81812|2||295.16|1268505120^^^Фильтр масляный^^^295.16"},{"brand":"MAHLE","article":"OC90","name":"Фильтр масляный","cost":"295.16","count":"1","time":"3 д.","stock":"Cella139\/4","city":"Смоленск","warning":"Возврат без уценки","multiplicity":"1","chance":89,"id":"38|OC90|N_00000002|81812|4||295.16|948020138^^^Фильтр масляный^^^295.16"},{"brand":"MAHLE","article":"OC90","name":"Фильтр масляный","cost":"295.16","count":"1","time":"3 д.","stock":"Cella139\/3","city":"Смоленск","warning":"Возврат без уценки","multiplicity":"1","chance":96,"id":"38|OC90|N_00000002|81812|3||295.16|1558236771^^^Фильтр масляный^^^295.16"},{"brand":"MAHLE","article":"OC90","name":"Фильтр масляный","cost":"306.67","count":"100","time":"1 д.","stock":"Cella055\/1","city":"Москва","warning":"Возврат без уценки","pp":"Официальный дистрибьютор","multiplicity":"1","chance":88,"id":"38|OC90|N_00000002|64|1||306.67|972192625^^^Фильтр масляный^^^306.67"},{"brand":"MAHLE","article":"OC90","name":"Фильтр масляный","cost":"309.63","count":"1","time":"2 д.","stock":"Cella1160\/2","city":"Минск","warning":"Возврат без уценки ВНИМАНИЕ!!! Заявки на возврат по причине отказа клиента принимаются в течение 7 дней с момента прихода товара на склад Адео.про.","multiplicity":"1","chance":87,"id":"38|OC90|10223|45751|2||309.63|1508890566^^^Фильтр масляный^^^309.63"},{"brand":"MAHLE","article":"OC90","name":"Фильтр масляный","cost":"315.82","count":"1","time":"2 д.","stock":"Cella2005\/2","city":"Санкт-Петербург","warning":"Возврат невозможен","return":false,"multiplicity":"1","chance":86,"id":"38|OC90|N_00000002|82425|2||315.82|3731252807^^^Фильтр масляный^^^315.82"},{"brand":"MAHLE","article":"OC90","name":"\u0424\u0438\u043B\u044C\u0442\u0440 масляный Chevrolet Aveo 1.4 06>, Captiva 2.4 06>, Cruze 1.6 09>, Lacetti 1.4-1.8 05>, Lanos 1.4-1.6 05>, Rezzo 1.6-2.0 05> \/ Daewoo Espero 1.5-2.0, Leganza 2.0 97>, Nexia 1.5 95> \/ Opel Astra F\/G 1.4-2.0 >04","cost":"324.13","count":"100","time":"2 д.","stock":"Cella1725\/1","city":"Ростов-на-Дону","warning":"Возврат без уценки","multiplicity":"1","chance":91,"id":"38|OC90|N_00000002|82009|1|AS000015361|324.13|3702368689^^^Фильтр масляный Chevrolet Aveo 1.4 06>, Captiva 2.4 06>, Cruze 1.6 09>, Lacetti 1.4-1.8 05>, Lanos 1.4-1.6 05>, Rezzo 1.6-2.0 05> \/ Daewoo Espero 1.5-2.0, Leganza 2.0 97>, Nexia 1.5 95> \/ Opel Astra F\/G 1.4-2.0 >04^^^324.13"},{"brand":"MAHLE","article":"OC90","name":"Фильтр масляный CHEVROLET: AVEO хечбэк 08-, AVEO седан 06-, CAPTIVA 06-, EVANDA 05-, KALOS 05-, KALOS седан 05-, LACETTI 05-, NUBIRA седан 05-, NUBIRA","cost":"328.01","count":"300","time":"3 д.","stock":"Cella1185\/1","city":"Минск","warning":"Возврат без уценки","multiplicity":"1","chance":85,"id":"38|OC90|10223|48749|1||328.01|2362885341^^^Фильтр масляный CHEVROLET: AVEO хечбэк 08-, AVEO седан 06-, CAPTIVA 06-, EVANDA 05-, KALOS 05-, KALOS седан 05-, LACETTI 05-, NUBIRA седан 05-, NUBIRA^^^328.01"},{"brand":"MAHLE","article":"OC90","name":"Фильтр масляный OC90","cost":"330","count":"4","time":"1 д.","stock":"Cella1507\/1","city":"Москва","warning":"Возврат без уценки","multiplicity":"1","chance":98,"id":"38|OC90|N_00000002|81637|1||330|2709690534^^^Фильтр масляный OC90^^^330"},{"brand":"MAHLE","article":"OC90","name":"Фильтр масляный","cost":"334.16","count":"400","time":"2 д.","stock":"Cella089\/2","city":"Санкт-Петербург","warning":"\u041E\u0442\u043C\u0435\u043D\u0430 заказа после отправки поставщику невозможна\n            Возврат без уценки","pp":"Официальный дистрибьютор","multiplicity":"1","chance":80,"id":"38|OC90|N_00000002|97|2||334.16|1055304398^^^Фильтр масляный^^^334.16"},{"brand":"MAHLE","article":"OC90","name":"Фильтр масляный","cost":"334.16","count":"14","time":"2 д.","stock":"Cella089\/1","city":"Москва","warning":"\u041E\u0442\u043C\u0435\u043D\u0430 заказа после отправки поставщику невозможна\n            Возврат без уценки","pp":"Официальный дистрибьютор","multiplicity":"1","chance":72,"id":"38|OC90|N_00000002|97|1||334.16|124491275^^^Фильтр масляный^^^334.16"},{"brand":"MAHLE","article":"OC90","name":"Фильтр масляный","cost":"339.61","count":"50","time":"1 д.","stock":"Cella049\/1","city":"Москва","warning":"Возврат без уценки","multiplicity":"1","chance":87,"id":"38|OC90|N_00000002|58|1||339.61|3000431861^^^Фильтр масляный^^^339.61"},{"brand":"MAHLE","article":"OC90","name":"Фильтр масляный","cost":"340.04","count":"10","time":"2 д.","stock":"Cella1160\/1","city":"Минск","warning":"Возврат без уценки","multiplicity":"1","chance":88,"id":"38|OC90|10223|45751|1||340.04|550776940^^^Фильтр масляный^^^340.04"},{"brand":"MAHLE","article":"OC90","name":"Фильтр масляный Daewoo Espero, Lanos,Leganza, Nexia, Nubira Opel Astra, Corsa, Vectra","cost":"342.1","count":"500","time":"3 д.","stock":"Cella1169\/1","city":"Минск","warning":"Возврат без уценки","pp":"Официальный дистрибьютор","multiplicity":"1","chance":82,"id":"38|OC90|N_00004479|47367|1||342.1|2025278997^^^Фильтр масляный Daewoo Espero, Lanos,Leganza, Nexia, Nubira Opel Astra, Corsa, Vectra^^^342.1"},{"brand":"MAHLE","article":"OC90","name":"Фильтр масляный","cost":"351.85","count":"20","time":"3 д.","stock":"Cella611\/3","city":"Минск","warning":"\u0426\u0421\n            Отмена заказа после отправки поставщику невозможна\n            Возврат невозможен","return":false,"pp":" Центральный склад","multiplicity":"1","chance":71,"id":"38|OC90|N_00004479|13787|3||351.85|978773378^^^Фильтр масляный^^^351.85"},{"brand":"MAHLE","article":"OC90","name":"Фильтр масляный","cost":"353.1","count":"1","time":"6 д.","stock":"Cella1449\/1","city":"Новосибирск","warning":"Возврат без уценки","multiplicity":"1","chance":81,"id":"38|OC90|N_00000002|80867|1||353.1|2136276270^^^Фильтр масляный^^^353.1"},{"brand":"MAHLE","article":"OC90","name":"Фильтр масляный","cost":"354.2","count":"2","time":"6 д.","stock":"Cella1037\/2","city":"Тольятти","warning":"Возврат без уценки","multiplicity":"1","chance":79,"id":"38|OC90|N_00000002|33421|2||354.2|664970389^^^Фильтр масляный^^^354.2"},{"brand":"MAHLE","article":"OC90","name":"Фильтр масляный 90","cost":"361.9","count":"7","time":"9 д.","stock":"Cella1332\/3","city":"Новосибирск","warning":"Возврат без уценки","multiplicity":"1","chance":77,"id":"38|OC90|N_00000002|66065|3||361.9|1260135807^^^Фильтр масляный 90^^^361.9"},{"brand":"MAHLE","article":"OC90","name":"Масляный фильтр MAHLE ORIGINAL OC 90 (MAHLE) G102 OPEL","cost":"362.61","count":"100","time":"1 д.","stock":"Cella178\/1","city":"Минск","warning":"Возврат без уценки","multiplicity":"1","chance":94,"id":"38|OC90|10223|516|1|01438299|362.61|2694487905^^^Масляный фильтр MAHLE ORIGINAL OC 90 (MAHLE) G102 OPEL^^^362.61"},{"brand":"MAHLE","article":"OC90","name":"Фильтр масляный","cost":"363","count":"1","time":"9 д.","stock":"Cella1696\/1","city":"Екатеринбург","warning":"Возврат без уценки","multiplicity":"1","chance":84,"id":"38|OC90|N_00004479|81959|1||363|2707903187^^^Фильтр масляный^^^363"},{"brand":"MAHLE","article":"OC90","name":"Фильтр масляный Daewoo Espero, Lanos,Leganza, Nexia, Nubira Opel Astra, Corsa, Vectra","cost":"365.36","count":"6","time":"4 д.","stock":"Cella2168\/1","city":"Москва","warning":"Возврат невозможен","return":false,"multiplicity":"1","chance":41,"id":"38|OC90|10223|82604|1||365.36|3165888546^^^Фильтр масляный Daewoo Espero, Lanos,Leganza, Nexia, Nubira Opel Astra, Corsa, Vectra^^^365.36"},{"brand":"MAHLE","article":"OC90","name":"Фильтр масляный","cost":"371.66","count":"5","time":"4 д.","stock":"Cella1465\/26","city":"Симферополь","warning":"Возврат без уценки К возврату не подлежат электрические части и тех. жидкости, в том числе и масла.","multiplicity":"1","chance":74,"id":"38|OC90|N_00000002|81571|26||371.66|3721390159^^^Фильтр масляный^^^371.66"},{"brand":"MAHLE","article":"OC90","name":"Фильтр масляный OC90","cost":"374","count":"7","time":"10 д.","stock":"Cella1679\/1","city":"Красноярск","warning":"Возврат без уценки","multiplicity":"1","chance":56,"id":"38|OC90|N_00004741|81931|1||374|2366330035^^^Фильтр масляный OC90^^^374"},{"brand":"MAHLE","article":"OC90","name":"\u0424\u0438\u043B\u044C\u0442\u0440 масляный CHEVROLET LACETTI\/CAPTIVA","cost":"398.2","count":">100","time":"1 д.","stock":"Cella952\/1","city":"Санкт-Петербург","warning":"Возврат без уценки","pp":"Официальный дистрибьютор","multiplicity":"1","chance":94,"id":"38|OC90|N_00004741|28926|1||398.2|3201447251^^^Фильтр масляный CHEVROLET LACETTI\/CAPTIVA^^^398.2"},{"brand":"MAHLE","article":"OC90","name":"\u0424\u0438\u043B\u044C\u0442\u0440 масляный CHEVROLET LACETTI\/CAPTIVA","cost":"403.7","count":"1","time":"1 д.","stock":"Cella1934\/1","city":"Москва","warning":"Возврат без уценки","multiplicity":"1","chance":92,"id":"38|OC90|N_00004741|82348|1||403.7|4192605067^^^Фильтр масляный CHEVROLET LACETTI\/CAPTIVA^^^403.7"},{"brand":"MAHLE","article":"OC90","name":"Фильтр масляный OC90","cost":"403.7","count":"+","time":"1 д.","stock":"Cella2295\/1","city":"Москва","warning":"Возврат без уценки","multiplicity":"1","chance":90,"id":"38|OC90|N_00004741|82745|1||403.7|253666116^^^Фильтр масляный OC90^^^403.7"},{"brand":"MAHLE","article":"OC90","name":"Фильтр масляный","cost":"417.87","count":"1","time":"6 д.","stock":"Cella1465\/13","city":"Феодосия","warning":"Возврат без уценки","multiplicity":"1","chance":93,"id":"38|OC90|10223|81571|13||417.87|2615364889^^^Фильтр масляный^^^417.87"},{"brand":"MAHLE","article":"OC90","name":"Фильтр масляный","cost":"451","count":"3","time":"2 д.","stock":"Cella1720\/1","city":"Псков","warning":"Возврат без уценки","pp":"Официальный дистрибьютор","multiplicity":"1","chance":91,"id":"38|OC90|N_00000002|82001|1||451|4002298423^^^Фильтр масляный^^^451"},{"brand":"MAHLE","article":"OC90","name":"\u0424\u0438\u043B\u044C\u0442\u0440 масляный OPEL\/GM\/DAEWOO MAHLE OC90","cost":"466.4","count":"2","time":"2 д.","stock":"Cella2060\/1","city":"Ярославль","warning":"Возврат без уценки","multiplicity":"1","chance":91,"id":"38|OC90|N_00000002|82485|1||466.4|2595601221^^^Фильтр масляный OPEL\/GM\/DAEWOO MAHLE OC90^^^466.4"},{"brand":"MAHLE","article":"OC90","name":"\u0424\u0438\u043B\u044C\u0442\u0440 масляный Daewoo Nexia 1995-2016\/Opel Frontera B 1998-2004","cost":"509.12","count":"2","time":"10 д.","stock":"Cella1278\/3","city":"Москва","warning":"\u041E\u0442\u043C\u0435\u043D\u0430 заказа после отправки поставщику невозможна\n            Возврат без уценки","multiplicity":"1","chance":37,"id":"38|OC90|N_00000002|58863|3||509.12|3858783240^^^Фильтр масляный Daewoo Nexia 1995-2016\/Opel Frontera B 1998-2004^^^509.12"},{"brand":"MAHLE","article":"OC90","name":"Фильтр масляный","cost":"510.4","count":"1","time":"6 д.","stock":"Cella1378\/1","city":"Рязань","warning":"Возврат без уценки","multiplicity":"1","chance":66,"id":"38|OC90|N_00000002|70908|1||510.4|3654663256^^^Фильтр масляный^^^510.4"},{"brand":"MAHLE","article":"OC90","name":"Фильтр масляный DAEWOO Nexia CHEVROLET Lanos MAHLE","cost":"558.27","count":"2","time":"1 д.","stock":"Cella396\/1","city":"Москва","warning":"Возврат без уценки","multiplicity":"1","chance":90,"id":"38|OC90|N_00000002|3934|1|400443|558.27|1006129969^^^Фильтр масляный DAEWOO Nexia CHEVROLET Lanos MAHLE^^^558.27"},{"brand":"MAHLE","article":"OC90","name":"Фильтр масляный DAEWOO Nexia CHEVROLET Lanos MAHLE","cost":"558.27","count":"6","time":"1 д.","stock":"Cella499\/3","city":"Москва","warning":"Возврат без уценки","multiplicity":"1","chance":95,"id":"38|OC90|N_00000002|8181|3|400443|558.27|2715089855^^^Фильтр масляный DAEWOO Nexia CHEVROLET Lanos MAHLE^^^558.27"},{"brand":"MAHLE","article":"OC90","name":"Фильтр масляный DAEWOO Nexia CHEVROLET Lanos MAHLE","cost":"561.06","count":"6","time":"1 д.","stock":"Cella751\/1","city":"Москва","warning":"Возврат без уценки","pp":"Официальный дистрибьютор","multiplicity":"1","chance":55,"id":"38|OC90|N_00000002|19330|1||561.06|1838118462^^^Фильтр масляный DAEWOO Nexia CHEVROLET Lanos MAHLE^^^561.06"},{"brand":"MAHLE","article":"OC90","name":"\u0424\u0438\u043B\u044C\u0442\u0440 масл.OPEL 1.3-2.5L 85=> \/DAEWOO ESPERO,NEXIA 1.5-2.0L","cost":"584.64","count":"796","time":"2 д.","stock":"Cella1467\/1","city":"Санкт-Петербург","warning":"Возврат без уценки","multiplicity":"1","chance":81,"id":"38|OC90|N_00004479|81575|1||584.64|965429179^^^Фильтр масл.OPEL 1.3-2.5L 85=> \/DAEWOO ESPERO,NEXIA 1.5-2.0L^^^584.64"},{"brand":"MAHLE","article":"OC90","name":"Фильтр масляныи KNECHT OC90","cost":"729.3","count":"1000","time":"60 д.","stock":"China001\/1","city":"Загран.","warning":"\u041E\u0442\u043C\u0435\u043D\u0430 заказа после отправки поставщику невозможна\n            Возврат невозможен","return":false,"multiplicity":"1","chance":61,"id":"38|OC90|N_00004741|82589|1||729.3|340835334^^^Фильтр масляныи KNECHT OC90^^^729.3"},{"brand":"MAHLE","article":"OC90","name":"\u0424\u0438\u043B\u044C\u0442\u0440 масляный Daewoo Nexia 1995-2016\/Opel Frontera B 1998-2004","cost":"765.6","count":"2","time":"4 д.","stock":"Cella1278\/1","city":"Набережные Челны","warning":"Возврат без уценки","multiplicity":"1","chance":48,"id":"38|OC90|N_00000002|58863|1||765.6|3868859997^^^Фильтр масляный Daewoo Nexia 1995-2016\/Opel Frontera B 1998-2004^^^765.6"},{"brand":"MAHLE","article":"OC90","name":"\u0424\u0438\u043B\u044C\u0442\u0440 масл.Opel Ascona\/Astra\/Omega\/Kadett\/Vectra 1.3-3.0i 85>, Фильтр масл.Opel Ascona\/Astra\/Omega\/Kadett\/Vectra 1.3-3.0i 85>","cost":"1055.23","count":"37","time":"6 д.","stock":"Cella2067\/1","city":"Ярославль","warning":"Возврат без уценки","multiplicity":"1","chance":59,"id":"38|OC90|N_00004479|82494|1||1055.23|979545622^^^Фильтр масл.Opel Ascona\/Astra\/Omega\/Kadett\/Vectra 1.3-3.0i 85>, Фильтр масл.Opel Ascona\/Astra\/Omega\/Kadett\/Vectra 1.3-3.0i 85>^^^1055.23"},{"brand":"MAHLE","article":"OC90","name":"Oil filter","cost":"1076.78","count":"30","time":"26 д.","stock":"EU048\/1","city":"Загран.","warning":"\u041E\u0442\u043C\u0435\u043D\u0430 заказа после отправки поставщику невозможна\n            Возврат невозможен","return":false,"multiplicity":"1","chance":72,"id":"38|OC90|N_00004741|82664|1||1076.78|1694632866^^^Oil filter^^^1076.78"},{"brand":"MAHLE","article":"OC90","name":"Фильтр масляный","cost":"1377.68","count":"143","time":"29 д.","stock":"Emi025\/2","city":"Загран.","warning":"\u041E\u0442\u043C\u0435\u043D\u0430 заказа после отправки поставщику невозможна\n            Возврат невозможен ВНИМАНИЕ!!! Товар находится заграницей. Возможны задержки с ответами\/\u043E\u0442\u043A\u0430\u0437\u0430\u043C\u0438, а также увеличение сроков поставки!","return":false,"multiplicity":"1","chance":29,"id":"38|OC90|N_00004741|82048|2||1377.68|881993559^^^Фильтр масляный^^^1377.68"}],"status":5,"searchstring":"OC90","brands":"KNECHTMAHLE","AccountId":"0","errors":""},"3":{"result":"","status":"4","AccountId":"0","errors":" Невозможно войти: проверьте правильность ввода имени пользователя и пароля;"},"7":{"result":"","status":"4","AccountId":"0","errors":" Невозможно войти: проверьте правильность ввода имени пользователя и пароля;"}}},"plugin_statuses":{"14":{"status":5,"errors":""},"5":{"status":5,"errors":""},"3":{"status":"4","errors":" Невозможно войти: проверьте правильность ввода имени пользователя и пароля;"},"7":{"status":"4","errors":" Невозможно войти: проверьте правильность ввода имени пользователя и пароля;"}},"msg":"","reqid":"8def16b7ff93b2"}
2026-08-03 17:25:43 === search_sort1 called ===
2026-08-03 17:25:43 request: {}
2026-08-03 17:25:43 SESSION user_id=66 main_company=231
2026-08-03 17:25:44 skey=a4ad1cde45fac47e97232fa1dbcc7b71 mainhost=192.168.39.13
2026-08-03 17:25:44 get_results response: {"8def16b7ff93b2":{"end_search":1}}
2026-08-03 17:25:44 get_results res_str: stdClass Object
(
    [8def16b7ff93b2] => stdClass Object
        (
            [end_search] => 1
        )

)

2026-08-03 17:25:44 end_search==1 -> searchstatus=end
2026-08-03 17:25:44 RETURN: {"status":"ok","items":"","authorized":"OK","search_str":"OC90","res_res":{"8def16b7ff93b2":{"end_search":1}},"msg":"","reqid":"8def16b7ff93b2","searchstatus":"end"}
